id,date,game_id,home_team,home_team_score,visit_team,visit_team_score
400578298,2014-10-29,400578298,Boston Celtics,121,Brooklyn Nets,105
400578326,2014-11-01,400578326,Houston Rockets,104,Boston Celtics,90
400578338,2014-11-03,400578338,Dallas Mavericks,118,Boston Celtics,113
400578351,2014-11-05,400578351,Boston Celtics,107,Toronto Raptors,110
400578366,2014-11-07,400578366,Boston Celtics,101,Indiana Pacers,98
400578378,2014-11-08,400578378,Chicago Bulls,101,Boston Celtics,106
400578403,2014-11-12,400578403,Boston Celtics,94,Oklahoma City Thunder,109
400578417,2014-11-14,400578417,Boston Celtics,121,Cleveland Cavaliers,122
400578440,2014-11-17,400578440,Boston Celtics,114,Phoenix Suns,118
400578454,2014-11-19,400578454,Philadelphia 76ers,90,Boston Celtics,101
400578468,2014-11-21,400578468,Memphis Grizzlies,117,Boston Celtics,100
400578486,2014-11-23,400578486,Boston Celtics,88,Portland Trail Blazers,94
400578515,2014-11-28,400578515,Boston Celtics,102,Chicago Bulls,109
400578533,2014-11-30,400578533,Boston Celtics,89,San Antonio Spurs,111
400578546,2014-12-02,400578546,Atlanta Hawks,109,Boston Celtics,105
400578557,2014-12-03,400578557,Boston Celtics,109,Detroit Pistons,102
400578571,2014-12-05,400578571,Boston Celtics,113,Los Angeles Lakers,96
400578586,2014-12-07,400578586,Boston Celtics,101,Washington Wizards,93
400578594,2014-12-08,400578594,Washington Wizards,133,Boston Celtics,132
400578608,2014-12-10,400578608,Charlotte Hornets,96,Boston Celtics,87
400578623,2014-12-12,400578623,Boston Celtics,95,New York Knicks,101
400578649,2014-12-15,400578649,Philadelphia 76ers,87,Boston Celtics,105
400578663,2014-12-17,400578663,Boston Celtics,109,Orlando Magic,92
400578677,2014-12-19,400578677,Boston Celtics,114,Minnesota Timberwolves,98
400578696,2014-12-21,400578696,Miami Heat,100,Boston Celtics,84
400578710,2014-12-23,400578710,Orlando Magic,100,Boston Celtics,95
400578724,2014-12-26,400578724,Boston Celtics,107,Brooklyn Nets,109
400578737,2014-12-27,400578737,Washington Wizards,101,Boston Celtics,88
400578767,2014-12-31,400578767,Boston Celtics,106,Sacramento Kings,84
400578778,2015-01-02,400578778,Boston Celtics,101,Dallas Mavericks,119
400578788,2015-01-03,400578788,Chicago Bulls,109,Boston Celtics,104
400578802,2015-01-05,400578802,Boston Celtics,95,Charlotte Hornets,104
400578819,2015-01-07,400578819,Brooklyn Nets,81,Boston Celtics,89
400578830,2015-01-09,400578830,Indiana Pacers,107,Boston Celtics,103
400578845,2015-01-10,400578845,Toronto Raptors,109,Boston Celtics,96
400578855,2015-01-12,400578855,Boston Celtics,108,New Orleans Pelicans,100
400578872,2015-01-14,400578872,Boston Celtics,91,Atlanta Hawks,105
400578883,2015-01-16,400578883,Boston Celtics,103,Chicago Bulls,119
400578906,2015-01-19,400578906,Los Angeles Clippers,102,Boston Celtics,93
400578931,2015-01-22,400578931,Portland Trail Blazers,89,Boston Celtics,90
400578941,2015-01-23,400578941,Denver Nuggets,99,Boston Celtics,100
400578957,2015-01-25,400578957,Golden State Warriors,114,Boston Celtics,111
400578965,2015-01-26,400578965,Utah Jazz,90,Boston Celtics,99
400578978,2015-01-28,400578978,Minnesota Timberwolves,110,Boston Celtics,98
400578990,2015-01-30,400578990,Boston Celtics,87,Houston Rockets,93
400579008,2015-02-01,400579008,Boston Celtics,75,Miami Heat,83
400579020,2015-02-03,400579020,New York Knicks,97,Boston Celtics,108
400579025,2015-02-04,400579025,Boston Celtics,104,Denver Nuggets,100
400579042,2015-02-06,400579042,Boston Celtics,107,Philadelphia 76ers,96
400579055,2015-02-07,400579055,Milwaukee Bucks,96,Boston Celtics,93
400579081,2015-02-11,400579081,Boston Celtics,89,Atlanta Hawks,88
400579105,2015-02-20,400579105,Sacramento Kings,109,Boston Celtics,101
400579121,2015-02-22,400579121,Los Angeles Lakers,118,Boston Celtics,111
400579127,2015-02-23,400579127,Phoenix Suns,110,Boston Celtics,115
400579136,2015-02-25,400579136,Boston Celtics,115,New York Knicks,94
400579151,2015-02-27,400579151,Boston Celtics,106,Charlotte Hornets,98
400579172,2015-03-01,400579172,Boston Celtics,101,Golden State Warriors,106
400579183,2015-03-03,400579183,Cleveland Cavaliers,110,Boston Celtics,79
400579190,2015-03-04,400579190,Boston Celtics,85,Utah Jazz,84
400579211,2015-03-06,400579211,New Orleans Pelicans,98,Boston Celtics,104
400579227,2015-03-08,400579227,Orlando Magic,103,Boston Celtics,98
400579232,2015-03-09,400579232,Miami Heat,90,Boston Celtics,100
400579246,2015-03-11,400579246,Boston Celtics,95,Memphis Grizzlies,92
400579261,2015-03-13,400579261,Boston Celtics,95,Orlando Magic,88
400579268,2015-03-14,400579268,Indiana Pacers,89,Boston Celtics,93
400579284,2015-03-16,400579284,Boston Celtics,108,Philadelphia 76ers,89
400579303,2015-03-18,400579303,Oklahoma City Thunder,122,Boston Celtics,118
400579320,2015-03-20,400579320,San Antonio Spurs,101,Boston Celtics,89
400579335,2015-03-22,400579335,Boston Celtics,97,Detroit Pistons,105
400579341,2015-03-23,400579341,Brooklyn Nets,91,Boston Celtics,110
400579356,2015-03-25,400579356,Boston Celtics,86,Miami Heat,93
400579371,2015-03-27,400579371,New York Knicks,92,Boston Celtics,96
400579387,2015-03-29,400579387,Boston Celtics,106,Los Angeles Clippers,119
400579393,2015-03-30,400579393,Charlotte Hornets,104,Boston Celtics,116
400579407,2015-04-01,400579407,Boston Celtics,100,Indiana Pacers,87
400579421,2015-04-03,400579421,Boston Celtics,101,Milwaukee Bucks,110
400579432,2015-04-04,400579432,Toronto Raptors,116,Boston Celtics,117
400579456,2015-04-08,400579456,Detroit Pistons,103,Boston Celtics,113
400579470,2015-04-10,400579470,Cleveland Cavaliers,90,Boston Celtics,99
400579486,2015-04-12,400579486,Boston Celtics,117,Cleveland Cavaliers,78
400579506,2015-04-14,400579506,Boston Celtics,95,Toronto Raptors,93
400579513,2015-04-15,400579513,Milwaukee Bucks,100,Boston Celtics,105
400578325,2014-11-01,400578325,Detroit Pistons,90,Brooklyn Nets,102
400578336,2014-11-03,400578336,Brooklyn Nets,116,Oklahoma City Thunder,85
400578352,2014-11-05,400578352,Brooklyn Nets,91,Minnesota Timberwolves,98
400578367,2014-11-07,400578367,Brooklyn Nets,110,New York Knicks,99
400578382,2014-11-09,400578382,Brooklyn Nets,104,Orlando Magic,96
400578408,2014-11-12,400578408,Phoenix Suns,112,Brooklyn Nets,104
400578413,2014-11-13,400578413,Golden State Warriors,107,Brooklyn Nets,99
400578430,2014-11-15,400578430,Portland Trail Blazers,97,Brooklyn Nets,87
400578441,2014-11-17,400578441,Brooklyn Nets,83,Miami Heat,95
400578456,2014-11-19,400578456,Brooklyn Nets,118,Milwaukee Bucks,122
400578470,2014-11-21,400578470,Oklahoma City Thunder,92,Brooklyn Nets,94
400578483,2014-11-22,400578483,San Antonio Spurs,99,Brooklyn Nets,87
400578505,2014-11-26,400578505,Philadelphia 76ers,91,Brooklyn Nets,99
400578534,2014-11-30,400578534,Brooklyn Nets,84,Chicago Bulls,102
400578548,2014-12-02,400578548,New York Knicks,93,Brooklyn Nets,98
400578558,2014-12-03,400578558,Brooklyn Nets,95,San Antonio Spurs,93
400578572,2014-12-05,400578572,Brooklyn Nets,75,Atlanta Hawks,98
400578595,2014-12-08,400578595,Brooklyn Nets,88,Cleveland Cavaliers,110
400578612,2014-12-10,400578612,Chicago Bulls,105,Brooklyn Nets,80
400578624,2014-12-12,400578624,Brooklyn Nets,88,Philadelphia 76ers,70
400578633,2014-12-13,400578633,Charlotte Hornets,87,Brooklyn Nets,114
400578656,2014-12-16,400578656,Brooklyn Nets,91,Miami Heat,95
400578666,2014-12-17,400578666,Toronto Raptors,105,Brooklyn Nets,89
400578678,2014-12-19,400578678,Cleveland Cavaliers,95,Brooklyn Nets,91
400578695,2014-12-21,400578695,Brooklyn Nets,110,Detroit Pistons,105
400578713,2014-12-23,400578713,Brooklyn Nets,102,Denver Nuggets,96
400578740,2014-12-27,400578740,Brooklyn Nets,85,Indiana Pacers,110
400578753,2014-12-29,400578753,Brooklyn Nets,107,Sacramento Kings,99
400578759,2014-12-30,400578759,Chicago Bulls,82,Brooklyn Nets,96
400578777,2015-01-02,400578777,Orlando Magic,98,Brooklyn Nets,100
400578797,2015-01-04,400578797,Miami Heat,88,Brooklyn Nets,84
400578803,2015-01-05,400578803,Brooklyn Nets,88,Dallas Mavericks,96
400578831,2015-01-09,400578831,Brooklyn Nets,88,Philadelphia 76ers,90
400578843,2015-01-10,400578843,Detroit Pistons,98,Brooklyn Nets,93
400578856,2015-01-12,400578856,Brooklyn Nets,99,Houston Rockets,113
400578868,2015-01-14,400578868,Brooklyn Nets,92,Memphis Grizzlies,103
400578882,2015-01-16,400578882,Washington Wizards,80,Brooklyn Nets,102
400578897,2015-01-17,400578897,Brooklyn Nets,90,Washington Wizards,99
400578927,2015-01-21,400578927,Sacramento Kings,100,Brooklyn Nets,103
400578932,2015-01-22,400578932,Los Angeles Clippers,123,Brooklyn Nets,84
400578947,2015-01-24,400578947,Utah Jazz,108,Brooklyn Nets,73
400578975,2015-01-28,400578975,Atlanta Hawks,113,Brooklyn Nets,102
400578991,2015-01-30,400578991,Brooklyn Nets,122,Toronto Raptors,127
400579012,2015-02-02,400579012,Brooklyn Nets,102,Los Angeles Clippers,100
400579026,2015-02-04,400579026,Toronto Raptors,93,Brooklyn Nets,109
400579038,2015-02-06,400579038,Brooklyn Nets,92,New York Knicks,88
400579051,2015-02-07,400579051,Washington Wizards,114,Brooklyn Nets,77
400579070,2015-02-09,400579070,Milwaukee Bucks,103,Brooklyn Nets,97
400579078,2015-02-10,400579078,Memphis Grizzlies,95,Brooklyn Nets,86
400579107,2015-02-20,400579107,Los Angeles Lakers,105,Brooklyn Nets,114
400579126,2015-02-23,400579126,Denver Nuggets,82,Brooklyn Nets,110
400579141,2015-02-25,400579141,New Orleans Pelicans,102,Brooklyn Nets,96
400579155,2015-02-27,400579155,Houston Rockets,102,Brooklyn Nets,98
400579166,2015-02-28,400579166,Dallas Mavericks,94,Brooklyn Nets,104
400579178,2015-03-02,400579178,Brooklyn Nets,110,Golden State Warriors,108
400579191,2015-03-04,400579191,Brooklyn Nets,91,Charlotte Hornets,115
400579208,2015-03-06,400579208,Brooklyn Nets,100,Phoenix Suns,108
400579225,2015-03-08,400579225,Brooklyn Nets,88,Utah Jazz,95
400579239,2015-03-10,400579239,Brooklyn Nets,91,New Orleans Pelicans,111
400579247,2015-03-11,400579247,Miami Heat,104,Brooklyn Nets,98
400579270,2015-03-14,400579270,Philadelphia 76ers,87,Brooklyn Nets,94
400579286,2015-03-16,400579286,Minnesota Timberwolves,106,Brooklyn Nets,122
400579297,2015-03-18,400579297,Cleveland Cavaliers,117,Brooklyn Nets,92
400579314,2015-03-20,400579314,Brooklyn Nets,129,Milwaukee Bucks,127
400579324,2015-03-21,400579324,Indiana Pacers,111,Brooklyn Nets,123
400579352,2015-03-25,400579352,Charlotte Hornets,88,Brooklyn Nets,91
400579370,2015-03-27,400579370,Brooklyn Nets,106,Cleveland Cavaliers,98
400579385,2015-03-29,400579385,Brooklyn Nets,107,Los Angeles Lakers,99
400579400,2015-03-31,400579400,Brooklyn Nets,111,Indiana Pacers,106
400579408,2015-04-01,400579408,New York Knicks,98,Brooklyn Nets,100
400579422,2015-04-03,400579422,Brooklyn Nets,114,Toronto Raptors,109
400579430,2015-04-04,400579430,Atlanta Hawks,131,Brooklyn Nets,99
400755861,2015-04-06,400755861,Brooklyn Nets,106,Portland Trail Blazers,96
400579455,2015-04-08,400579455,Brooklyn Nets,111,Atlanta Hawks,114
400579469,2015-04-10,400579469,Brooklyn Nets,117,Washington Wizards,80
400579485,2015-04-12,400579485,Milwaukee Bucks,96,Brooklyn Nets,73
400579498,2015-04-13,400579498,Brooklyn Nets,86,Chicago Bulls,113
400579516,2015-04-15,400579516,Brooklyn Nets,101,Orlando Magic,88
400578302,2014-10-29,400578302,New York Knicks,80,Chicago Bulls,104
400578310,2014-10-30,400578310,Cleveland Cavaliers,90,New York Knicks,95
400578333,2014-11-02,400578333,New York Knicks,96,Charlotte Hornets,93
400578343,2014-11-04,400578343,New York Knicks,83,Washington Wizards,98
400578353,2014-11-05,400578353,Detroit Pistons,98,New York Knicks,95
400578376,2014-11-08,400578376,Atlanta Hawks,103,New York Knicks,96
400578392,2014-11-10,400578392,New York Knicks,85,Atlanta Hawks,91
400578405,2014-11-12,400578405,New York Knicks,95,Orlando Magic,97
400578418,2014-11-14,400578418,New York Knicks,100,Utah Jazz,102
400578434,2014-11-16,400578434,New York Knicks,109,Denver Nuggets,93
400578448,2014-11-18,400578448,Milwaukee Bucks,117,New York Knicks,113
400578459,2014-11-19,400578459,Minnesota Timberwolves,115,New York Knicks,99
400578479,2014-11-22,400578479,New York Knicks,91,Philadelphia 76ers,83
400578494,2014-11-24,400578494,Houston Rockets,91,New York Knicks,86
400578506,2014-11-26,400578506,Dallas Mavericks,109,New York Knicks,102
400578521,2014-11-28,400578521,Oklahoma City Thunder,105,New York Knicks,78
400578537,2014-11-30,400578537,New York Knicks,79,Miami Heat,86
400578565,2014-12-04,400578565,New York Knicks,87,Cleveland Cavaliers,90
400578568,2014-12-05,400578568,Charlotte Hornets,103,New York Knicks,102
400578591,2014-12-07,400578591,New York Knicks,99,Portland Trail Blazers,103
400578603,2014-12-09,400578603,New Orleans Pelicans,104,New York Knicks,93
400578614,2014-12-10,400578614,San Antonio Spurs,109,New York Knicks,95
400578645,2014-12-14,400578645,New York Knicks,90,Toronto Raptors,95
400578659,2014-12-16,400578659,New York Knicks,87,Dallas Mavericks,107
400578671,2014-12-18,400578671,Chicago Bulls,103,New York Knicks,97
400578685,2014-12-20,400578685,New York Knicks,90,Phoenix Suns,99
400578692,2014-12-21,400578692,Toronto Raptors,118,New York Knicks,108
400578719,2014-12-25,400578719,New York Knicks,91,Washington Wizards,102
400578743,2014-12-27,400578743,Sacramento Kings,135,New York Knicks,129
400578748,2014-12-28,400578748,Portland Trail Blazers,101,New York Knicks,79
400578769,2014-12-31,400578769,Los Angeles Clippers,99,New York Knicks,78
400578779,2015-01-02,400578779,New York Knicks,81,Detroit Pistons,97
400578798,2015-01-04,400578798,New York Knicks,82,Milwaukee Bucks,95
400578805,2015-01-05,400578805,Memphis Grizzlies,105,New York Knicks,83
400578817,2015-01-07,400578817,Washington Wizards,101,New York Knicks,91
400578828,2015-01-08,400578828,New York Knicks,96,Houston Rockets,120
400578841,2015-01-10,400578841,New York Knicks,82,Charlotte Hornets,110
400578877,2015-01-15,400578877,Milwaukee Bucks,95,New York Knicks,79
400578910,2015-01-19,400578910,New York Knicks,99,New Orleans Pelicans,92
400578919,2015-01-21,400578919,Philadelphia 76ers,91,New York Knicks,98
400578937,2015-01-23,400578937,New York Knicks,113,Orlando Magic,106
400578944,2015-01-24,400578944,Charlotte Hornets,76,New York Knicks,71
400578980,2015-01-28,400578980,New York Knicks,100,Oklahoma City Thunder,92
400578986,2015-01-29,400578986,Indiana Pacers,103,New York Knicks,82
400579009,2015-02-01,400579009,New York Knicks,92,Los Angeles Lakers,80
400579052,2015-02-07,400579052,New York Knicks,92,Golden State Warriors,106
400579069,2015-02-09,400579069,Miami Heat,109,New York Knicks,95
400579080,2015-02-11,400579080,Orlando Magic,89,New York Knicks,83
400579099,2015-02-20,400579099,New York Knicks,87,Miami Heat,111
400579113,2015-02-22,400579113,New York Knicks,83,Cleveland Cavaliers,101
400579152,2015-02-27,400579152,Detroit Pistons,115,New York Knicks,121
400579164,2015-02-28,400579164,New York Knicks,103,Toronto Raptors,98
400755860,2015-03-03,400755860,New York Knicks,86,Sacramento Kings,124
400579188,2015-03-04,400579188,Indiana Pacers,105,New York Knicks,82
400579218,2015-03-07,400579218,New York Knicks,86,Indiana Pacers,92
400579235,2015-03-09,400579235,Denver Nuggets,106,New York Knicks,78
400579242,2015-03-10,400579242,Utah Jazz,87,New York Knicks,82
400579258,2015-03-12,400579258,Los Angeles Lakers,94,New York Knicks,101
400579273,2015-03-14,400579273,Golden State Warriors,125,New York Knicks,94
400579280,2015-03-15,400579280,Phoenix Suns,102,New York Knicks,89
400579293,2015-03-17,400579293,New York Knicks,104,San Antonio Spurs,100
400579308,2015-03-19,400579308,New York Knicks,92,Minnesota Timberwolves,95
400579313,2015-03-20,400579313,Philadelphia 76ers,97,New York Knicks,81
400579333,2015-03-22,400579333,Toronto Raptors,106,New York Knicks,89
400579342,2015-03-23,400579342,New York Knicks,82,Memphis Grizzlies,103
400579353,2015-03-25,400579353,New York Knicks,80,Los Angeles Clippers,111
400579380,2015-03-28,400579380,Chicago Bulls,111,New York Knicks,80
400579420,2015-04-03,400579420,Washington Wizards,101,New York Knicks,87
400579443,2015-04-05,400579443,New York Knicks,101,Philadelphia 76ers,91
400579457,2015-04-08,400579457,New York Knicks,86,Indiana Pacers,102
400579472,2015-04-10,400579472,New York Knicks,91,Milwaukee Bucks,99
400579479,2015-04-11,400579479,Orlando Magic,79,New York Knicks,80
400579497,2015-04-13,400579497,Atlanta Hawks,108,New York Knicks,112
400579518,2015-04-15,400579518,New York Knicks,90,Detroit Pistons,112
400578297,2014-10-29,400578297,Indiana Pacers,103,Philadelphia 76ers,91
400578315,2014-10-31,400578315,Milwaukee Bucks,93,Philadelphia 76ers,81
400578322,2014-11-01,400578322,Philadelphia 76ers,96,Miami Heat,114
400578335,2014-11-03,400578335,Philadelphia 76ers,93,Houston Rockets,104
400578350,2014-11-05,400578350,Philadelphia 76ers,89,Orlando Magic,91
400578365,2014-11-07,400578365,Philadelphia 76ers,115,Chicago Bulls,118
400578385,2014-11-09,400578385,Toronto Raptors,120,Philadelphia 76ers,88
400578412,2014-11-13,400578412,Dallas Mavericks,123,Philadelphia 76ers,70
400578419,2014-11-14,400578419,Houston Rockets,88,Philadelphia 76ers,87
400578444,2014-11-17,400578444,San Antonio Spurs,100,Philadelphia 76ers,75
400578465,2014-11-21,400578465,Philadelphia 76ers,96,Phoenix Suns,122
400578492,2014-11-24,400578492,Philadelphia 76ers,104,Portland Trail Blazers,114
400578527,2014-11-29,400578527,Philadelphia 76ers,103,Dallas Mavericks,110
400578541,2014-12-01,400578541,Philadelphia 76ers,103,San Antonio Spurs,109
400578562,2014-12-03,400578562,Minnesota Timberwolves,77,Philadelphia 76ers,85
400578569,2014-12-05,400578569,Philadelphia 76ers,91,Oklahoma City Thunder,103
400578580,2014-12-06,400578580,Detroit Pistons,101,Philadelphia 76ers,108
400578611,2014-12-10,400578611,Atlanta Hawks,95,Philadelphia 76ers,79
400578637,2014-12-13,400578637,Philadelphia 76ers,115,Memphis Grizzlies,120
400578676,2014-12-19,400578676,Philadelphia 76ers,91,Charlotte Hornets,109
400578697,2014-12-21,400578697,Orlando Magic,88,Philadelphia 76ers,96
400578714,2014-12-23,400578714,Miami Heat,87,Philadelphia 76ers,91
400578733,2014-12-26,400578733,Portland Trail Blazers,114,Philadelphia 76ers,93
400578742,2014-12-27,400578742,Utah Jazz,88,Philadelphia 76ers,71
400578766,2014-12-30,400578766,Golden State Warriors,126,Philadelphia 76ers,86
400578783,2015-01-02,400578783,Phoenix Suns,112,Philadelphia 76ers,96
400578794,2015-01-03,400578794,Los Angeles Clippers,127,Philadelphia 76ers,91
400578801,2015-01-05,400578801,Philadelphia 76ers,95,Cleveland Cavaliers,92
400578816,2015-01-07,400578816,Philadelphia 76ers,77,Milwaukee Bucks,97
400578844,2015-01-10,400578844,Philadelphia 76ers,93,Indiana Pacers,92
400578860,2015-01-13,400578860,Philadelphia 76ers,87,Atlanta Hawks,105
400578870,2015-01-14,400578870,Toronto Raptors,100,Philadelphia 76ers,84
400578881,2015-01-16,400578881,Philadelphia 76ers,96,New Orleans Pelicans,81
400578893,2015-01-17,400578893,Detroit Pistons,107,Philadelphia 76ers,89
400578904,2015-01-19,400578904,Washington Wizards,111,Philadelphia 76ers,76
400578933,2015-01-23,400578933,Philadelphia 76ers,86,Toronto Raptors,91
400578946,2015-01-24,400578946,Memphis Grizzlies,101,Philadelphia 76ers,83
400578963,2015-01-26,400578963,New Orleans Pelicans,99,Philadelphia 76ers,74
400578974,2015-01-28,400578974,Philadelphia 76ers,89,Detroit Pistons,69
400578988,2015-01-30,400578988,Philadelphia 76ers,103,Minnesota Timberwolves,94
400579000,2015-01-31,400579000,Atlanta Hawks,91,Philadelphia 76ers,85
400579010,2015-02-02,400579010,Cleveland Cavaliers,97,Philadelphia 76ers,84
400579018,2015-02-03,400579018,Philadelphia 76ers,105,Denver Nuggets,98
400579053,2015-02-07,400579053,Philadelphia 76ers,89,Charlotte Hornets,81
400579067,2015-02-09,400579067,Philadelphia 76ers,84,Golden State Warriors,89
400579096,2015-02-20,400579096,Philadelphia 76ers,95,Indiana Pacers,106
400579117,2015-02-22,400579117,Orlando Magic,103,Philadelphia 76ers,98
400579122,2015-02-23,400579122,Miami Heat,119,Philadelphia 76ers,108
400579139,2015-02-25,400579139,Milwaukee Bucks,104,Philadelphia 76ers,88
400579149,2015-02-27,400579149,Philadelphia 76ers,89,Washington Wizards,81
400579173,2015-03-01,400579173,Indiana Pacers,94,Philadelphia 76ers,74
400579177,2015-03-02,400579177,Philadelphia 76ers,103,Toronto Raptors,114
400579196,2015-03-04,400579196,Oklahoma City Thunder,123,Philadelphia 76ers,118
400579206,2015-03-06,400579206,Philadelphia 76ers,83,Utah Jazz,89
400579219,2015-03-07,400579219,Philadelphia 76ers,92,Atlanta Hawks,84
400579245,2015-03-11,400579245,Philadelphia 76ers,95,Chicago Bulls,104
400579260,2015-03-13,400579260,Philadelphia 76ers,114,Sacramento Kings,107
400579298,2015-03-18,400579298,Philadelphia 76ers,94,Detroit Pistons,83
400579339,2015-03-22,400579339,Los Angeles Lakers,101,Philadelphia 76ers,87
400579350,2015-03-24,400579350,Sacramento Kings,107,Philadelphia 76ers,106
400579361,2015-03-25,400579361,Denver Nuggets,85,Philadelphia 76ers,99
400579367,2015-03-27,400579367,Philadelphia 76ers,98,Los Angeles Clippers,119
400579384,2015-03-29,400579384,Cleveland Cavaliers,87,Philadelphia 76ers,86
400579394,2015-03-30,400579394,Philadelphia 76ers,111,Los Angeles Lakers,113
400579406,2015-04-01,400579406,Washington Wizards,106,Philadelphia 76ers,93
400579429,2015-04-04,400579429,Charlotte Hornets,92,Philadelphia 76ers,91
400579454,2015-04-08,400579454,Philadelphia 76ers,90,Washington Wizards,119
400579481,2015-04-11,400579481,Chicago Bulls,114,Philadelphia 76ers,107
400579496,2015-04-13,400579496,Philadelphia 76ers,97,Milwaukee Bucks,107
400579519,2015-04-15,400579519,Philadelphia 76ers,101,Miami Heat,105
400578300,2014-10-29,400578300,Toronto Raptors,109,Atlanta Hawks,102
400578321,2014-11-01,400578321,Orlando Magic,95,Toronto Raptors,108
400578332,2014-11-02,400578332,Miami Heat,107,Toronto Raptors,102
400578344,2014-11-04,400578344,Toronto Raptors,100,Oklahoma City Thunder,88
400578369,2014-11-07,400578369,Toronto Raptors,103,Washington Wizards,84
400578395,2014-11-11,400578395,Toronto Raptors,104,Orlando Magic,100
400578411,2014-11-13,400578411,Toronto Raptors,93,Chicago Bulls,100
400578426,2014-11-15,400578426,Toronto Raptors,111,Utah Jazz,93
400578458,2014-11-19,400578458,Toronto Raptors,96,Memphis Grizzlies,92
400578467,2014-11-21,400578467,Toronto Raptors,124,Milwaukee Bucks,82
400578478,2014-11-22,400578478,Cleveland Cavaliers,93,Toronto Raptors,110
400578493,2014-11-24,400578493,Toronto Raptors,104,Phoenix Suns,100
400578507,2014-11-26,400578507,Atlanta Hawks,115,Toronto Raptors,126
400578519,2014-11-28,400578519,Toronto Raptors,102,Dallas Mavericks,106
400578540,2014-11-30,400578540,Los Angeles Lakers,129,Toronto Raptors,122
400578553,2014-12-02,400578553,Sacramento Kings,109,Toronto Raptors,117
400578563,2014-12-03,400578563,Utah Jazz,104,Toronto Raptors,123
400578573,2014-12-05,400578573,Toronto Raptors,91,Cleveland Cavaliers,105
400578596,2014-12-08,400578596,Toronto Raptors,112,Denver Nuggets,107
400578600,2014-12-09,400578600,Cleveland Cavaliers,105,Toronto Raptors,101
400578625,2014-12-12,400578625,Toronto Raptors,106,Indiana Pacers,94
400578651,2014-12-15,400578651,Toronto Raptors,95,Orlando Magic,82
400578679,2014-12-19,400578679,Detroit Pistons,100,Toronto Raptors,110
400578702,2014-12-22,400578702,Chicago Bulls,129,Toronto Raptors,120
400578735,2014-12-27,400578735,Los Angeles Clippers,98,Toronto Raptors,110
400578749,2014-12-28,400578749,Denver Nuggets,102,Toronto Raptors,116
400578765,2014-12-30,400578765,Portland Trail Blazers,102,Toronto Raptors,97
400578785,2015-01-02,400578785,Golden State Warriors,126,Toronto Raptors,105
400578799,2015-01-04,400578799,Phoenix Suns,125,Toronto Raptors,109
400578827,2015-01-08,400578827,Toronto Raptors,95,Charlotte Hornets,103
400578857,2015-01-12,400578857,Toronto Raptors,111,Detroit Pistons,114
400578884,2015-01-16,400578884,Toronto Raptors,89,Atlanta Hawks,110
400578900,2015-01-18,400578900,Toronto Raptors,93,New Orleans Pelicans,95
400578911,2015-01-19,400578911,Milwaukee Bucks,89,Toronto Raptors,92
400578922,2015-01-21,400578922,Memphis Grizzlies,92,Toronto Raptors,86
400578956,2015-01-25,400578956,Toronto Raptors,114,Detroit Pistons,110
400578967,2015-01-27,400578967,Indiana Pacers,91,Toronto Raptors,104
400578976,2015-01-28,400578976,Toronto Raptors,119,Sacramento Kings,102
400578999,2015-01-31,400578999,Washington Wizards,116,Toronto Raptors,120
400579013,2015-02-02,400579013,Toronto Raptors,75,Milwaukee Bucks,82
400579044,2015-02-06,400579044,Toronto Raptors,123,Los Angeles Clippers,107
400579064,2015-02-08,400579064,Toronto Raptors,87,San Antonio Spurs,82
400579083,2015-02-11,400579083,Toronto Raptors,95,Washington Wizards,93
400579097,2015-02-20,400579097,Atlanta Hawks,80,Toronto Raptors,105
400579111,2015-02-21,400579111,Houston Rockets,98,Toronto Raptors,76
400579125,2015-02-23,400579125,New Orleans Pelicans,100,Toronto Raptors,97
400579133,2015-02-24,400579133,Dallas Mavericks,99,Toronto Raptors,92
400579153,2015-02-27,400579153,Toronto Raptors,89,Golden State Warriors,113
400579192,2015-03-04,400579192,Toronto Raptors,112,Cleveland Cavaliers,120
400579203,2015-03-06,400579203,Charlotte Hornets,103,Toronto Raptors,94
400579228,2015-03-08,400579228,Oklahoma City Thunder,108,Toronto Raptors,104
400579241,2015-03-10,400579241,San Antonio Spurs,117,Toronto Raptors,107
400579262,2015-03-13,400579262,Toronto Raptors,102,Miami Heat,92
400579279,2015-03-15,400579279,Toronto Raptors,97,Portland Trail Blazers,113
400579282,2015-03-16,400579282,Indiana Pacers,98,Toronto Raptors,117
400579300,2015-03-18,400579300,Toronto Raptors,105,Minnesota Timberwolves,100
400579317,2015-03-20,400579317,Chicago Bulls,108,Toronto Raptors,92
400579346,2015-03-24,400579346,Detroit Pistons,108,Toronto Raptors,104
400579357,2015-03-25,400579357,Toronto Raptors,103,Chicago Bulls,116
400579372,2015-03-27,400579372,Toronto Raptors,94,Los Angeles Lakers,83
400579396,2015-03-30,400579396,Toronto Raptors,99,Houston Rockets,96
400579411,2015-04-01,400579411,Minnesota Timberwolves,99,Toronto Raptors,113
400579452,2015-04-08,400579452,Charlotte Hornets,74,Toronto Raptors,92
400579467,2015-04-10,400579467,Orlando Magic,99,Toronto Raptors,101
400579480,2015-04-11,400579480,Miami Heat,104,Toronto Raptors,107
400579520,2015-04-15,400579520,Toronto Raptors,92,Charlotte Hornets,87
400578306,2014-10-29,400578306,Sacramento Kings,77,Golden State Warriors,95
400578330,2014-11-01,400578330,Golden State Warriors,127,Los Angeles Lakers,104
400578334,2014-11-02,400578334,Portland Trail Blazers,90,Golden State Warriors,95
400578360,2014-11-05,400578360,Golden State Warriors,121,Los Angeles Clippers,104
400578379,2014-11-08,400578379,Houston Rockets,87,Golden State Warriors,98
400578387,2014-11-09,400578387,Phoenix Suns,107,Golden State Warriors,95
400578400,2014-11-11,400578400,Golden State Warriors,100,San Antonio Spurs,113
400578432,2014-11-15,400578432,Golden State Warriors,112,Charlotte Hornets,87
400578437,2014-11-16,400578437,Los Angeles Lakers,115,Golden State Warriors,136
400578474,2014-11-21,400578474,Golden State Warriors,101,Utah Jazz,88
400578488,2014-11-23,400578488,Oklahoma City Thunder,86,Golden State Warriors,91
400578498,2014-11-25,400578498,Miami Heat,97,Golden State Warriors,114
400578504,2014-11-26,400578504,Orlando Magic,96,Golden State Warriors,111
400578516,2014-11-28,400578516,Charlotte Hornets,101,Golden State Warriors,106
400578535,2014-11-30,400578535,Detroit Pistons,93,Golden State Warriors,104
400578554,2014-12-02,400578554,Golden State Warriors,98,Orlando Magic,97
400578567,2014-12-04,400578567,Golden State Warriors,112,New Orleans Pelicans,85
400578581,2014-12-06,400578581,Chicago Bulls,102,Golden State Warriors,112
400578597,2014-12-08,400578597,Minnesota Timberwolves,86,Golden State Warriors,102
400578616,2014-12-10,400578616,Golden State Warriors,105,Houston Rockets,93
400578632,2014-12-13,400578632,Dallas Mavericks,98,Golden State Warriors,105
400578640,2014-12-14,400578640,New Orleans Pelicans,122,Golden State Warriors,128
400578657,2014-12-16,400578657,Memphis Grizzlies,105,Golden State Warriors,98
400578674,2014-12-18,400578674,Golden State Warriors,114,Oklahoma City Thunder,109
400578707,2014-12-22,400578707,Golden State Warriors,128,Sacramento Kings,108
400578718,2014-12-23,400578718,Los Angeles Lakers,115,Golden State Warriors,105
400578723,2014-12-25,400578723,Los Angeles Clippers,100,Golden State Warriors,86
400578744,2014-12-27,400578744,Golden State Warriors,110,Minnesota Timberwolves,97
400578810,2015-01-05,400578810,Golden State Warriors,117,Oklahoma City Thunder,91
400578825,2015-01-07,400578825,Golden State Warriors,117,Indiana Pacers,102
400578839,2015-01-09,400578839,Golden State Warriors,112,Cleveland Cavaliers,94
400578863,2015-01-13,400578863,Utah Jazz,105,Golden State Warriors,116
400578874,2015-01-14,400578874,Golden State Warriors,104,Miami Heat,89
400578885,2015-01-16,400578885,Oklahoma City Thunder,127,Golden State Warriors,115
400578895,2015-01-17,400578895,Houston Rockets,106,Golden State Warriors,131
400578907,2015-01-19,400578907,Golden State Warriors,122,Denver Nuggets,79
400578928,2015-01-21,400578928,Golden State Warriors,126,Houston Rockets,113
400578943,2015-01-23,400578943,Golden State Warriors,126,Sacramento Kings,101
400578971,2015-01-27,400578971,Golden State Warriors,111,Chicago Bulls,113
400578995,2015-01-30,400578995,Utah Jazz,110,Golden State Warriors,100
400579007,2015-01-31,400579007,Golden State Warriors,106,Phoenix Suns,87
400579022,2015-02-03,400579022,Sacramento Kings,96,Golden State Warriors,121
400579033,2015-02-04,400579033,Golden State Warriors,128,Dallas Mavericks,114
400579041,2015-02-06,400579041,Atlanta Hawks,124,Golden State Warriors,116
400579085,2015-02-11,400579085,Minnesota Timberwolves,91,Golden State Warriors,94
400579106,2015-02-20,400579106,Golden State Warriors,110,San Antonio Spurs,99
400579116,2015-02-22,400579116,Indiana Pacers,104,Golden State Warriors,98
400579130,2015-02-24,400579130,Washington Wizards,107,Golden State Warriors,114
400579146,2015-02-26,400579146,Cleveland Cavaliers,110,Golden State Warriors,99
400579199,2015-03-04,400579199,Golden State Warriors,102,Milwaukee Bucks,93
400579214,2015-03-06,400579214,Golden State Warriors,104,Dallas Mavericks,89
400579224,2015-03-08,400579224,Golden State Warriors,106,Los Angeles Clippers,98
400579236,2015-03-09,400579236,Phoenix Suns,80,Golden State Warriors,98
400579252,2015-03-11,400579252,Golden State Warriors,105,Detroit Pistons,98
400579265,2015-03-13,400579265,Denver Nuggets,114,Golden State Warriors,103
400579291,2015-03-16,400579291,Golden State Warriors,108,Los Angeles Lakers,105
400579306,2015-03-18,400579306,Golden State Warriors,114,Atlanta Hawks,95
400579322,2015-03-20,400579322,Golden State Warriors,112,New Orleans Pelicans,96
400579328,2015-03-21,400579328,Golden State Warriors,106,Utah Jazz,91
400579345,2015-03-23,400579345,Golden State Warriors,107,Washington Wizards,76
400579351,2015-03-24,400579351,Portland Trail Blazers,108,Golden State Warriors,122
400579374,2015-03-27,400579374,Memphis Grizzlies,84,Golden State Warriors,107
400579381,2015-03-28,400579381,Milwaukee Bucks,95,Golden State Warriors,108
400579403,2015-03-31,400579403,Los Angeles Clippers,106,Golden State Warriors,110
400579418,2015-04-02,400579418,Golden State Warriors,107,Phoenix Suns,106
400579434,2015-04-04,400579434,Dallas Mavericks,110,Golden State Warriors,123
400579442,2015-04-05,400579442,San Antonio Spurs,107,Golden State Warriors,92
400579448,2015-04-07,400579448,New Orleans Pelicans,103,Golden State Warriors,100
400579466,2015-04-09,400579466,Golden State Warriors,116,Portland Trail Blazers,105
400579484,2015-04-11,400579484,Golden State Warriors,110,Minnesota Timberwolves,101
400579504,2015-04-13,400579504,Golden State Warriors,111,Memphis Grizzlies,107
400579521,2015-04-15,400579521,Golden State Warriors,133,Denver Nuggets,126
400578312,2014-10-30,400578312,Los Angeles Clippers,93,Oklahoma City Thunder,90
400578318,2014-10-31,400578318,Los Angeles Lakers,111,Los Angeles Clippers,118
400578331,2014-11-02,400578331,Los Angeles Clippers,92,Sacramento Kings,98
400578340,2014-11-03,400578340,Los Angeles Clippers,107,Utah Jazz,101
400578374,2014-11-08,400578374,Los Angeles Clippers,106,Portland Trail Blazers,102
400578394,2014-11-10,400578394,Los Angeles Clippers,85,San Antonio Spurs,89
400578433,2014-11-15,400578433,Los Angeles Clippers,120,Phoenix Suns,107
400578446,2014-11-17,400578446,Los Angeles Clippers,89,Chicago Bulls,105
400578453,2014-11-19,400578453,Orlando Magic,90,Los Angeles Clippers,114
400578462,2014-11-20,400578462,Miami Heat,93,Los Angeles Clippers,110
400578485,2014-11-23,400578485,Memphis Grizzlies,107,Los Angeles Clippers,91
400578490,2014-11-24,400578490,Charlotte Hornets,92,Los Angeles Clippers,113
400578508,2014-11-26,400578508,Detroit Pistons,98,Los Angeles Clippers,104
400578520,2014-11-28,400578520,Houston Rockets,85,Los Angeles Clippers,102
400578531,2014-11-29,400578531,Utah Jazz,96,Los Angeles Clippers,112
400578544,2014-12-01,400578544,Los Angeles Clippers,127,Minnesota Timberwolves,101
400578564,2014-12-03,400578564,Los Angeles Clippers,114,Orlando Magic,86
400578585,2014-12-06,400578585,Los Angeles Clippers,120,New Orleans Pelicans,100
400578599,2014-12-08,400578599,Los Angeles Clippers,121,Phoenix Suns,120
400578609,2014-12-10,400578609,Indiana Pacers,96,Los Angeles Clippers,103
400578621,2014-12-12,400578621,Washington Wizards,104,Los Angeles Clippers,96
400578636,2014-12-13,400578636,Milwaukee Bucks,111,Los Angeles Clippers,106
400578654,2014-12-15,400578654,Los Angeles Clippers,113,Detroit Pistons,91
400578669,2014-12-17,400578669,Los Angeles Clippers,102,Indiana Pacers,100
400578683,2014-12-19,400578683,Denver Nuggets,109,Los Angeles Clippers,106
400578691,2014-12-20,400578691,Los Angeles Clippers,106,Milwaukee Bucks,102
400578706,2014-12-22,400578706,San Antonio Spurs,125,Los Angeles Clippers,118
400578712,2014-12-23,400578712,Atlanta Hawks,107,Los Angeles Clippers,104
400578756,2014-12-29,400578756,Los Angeles Clippers,101,Utah Jazz,97
400578811,2015-01-05,400578811,Los Angeles Clippers,98,Atlanta Hawks,107
400578826,2015-01-07,400578826,Los Angeles Clippers,114,Los Angeles Lakers,89
400578842,2015-01-10,400578842,Los Angeles Clippers,120,Dallas Mavericks,100
400578851,2015-01-11,400578851,Los Angeles Clippers,90,Miami Heat,104
400578875,2015-01-14,400578875,Portland Trail Blazers,94,Los Angeles Clippers,100
400578891,2015-01-16,400578891,Los Angeles Clippers,121,Cleveland Cavaliers,126
400578899,2015-01-17,400578899,Sacramento Kings,108,Los Angeles Clippers,117
400578951,2015-01-25,400578951,Phoenix Suns,100,Los Angeles Clippers,120
400578966,2015-01-26,400578966,Los Angeles Clippers,102,Denver Nuggets,98
400578982,2015-01-28,400578982,Utah Jazz,89,Los Angeles Clippers,94
400578993,2015-01-30,400578993,New Orleans Pelicans,108,Los Angeles Clippers,103
400579006,2015-01-31,400579006,San Antonio Spurs,85,Los Angeles Clippers,105
400579035,2015-02-05,400579035,Cleveland Cavaliers,105,Los Angeles Clippers,94
400579057,2015-02-08,400579057,Oklahoma City Thunder,131,Los Angeles Clippers,108
400579073,2015-02-09,400579073,Dallas Mavericks,98,Los Angeles Clippers,115
400579091,2015-02-11,400579091,Los Angeles Clippers,110,Houston Rockets,95
400579094,2015-02-19,400579094,Los Angeles Clippers,119,San Antonio Spurs,115
400579112,2015-02-21,400579112,Los Angeles Clippers,126,Sacramento Kings,99
400579129,2015-02-23,400579129,Los Angeles Clippers,87,Memphis Grizzlies,90
400579138,2015-02-25,400579138,Houston Rockets,110,Los Angeles Clippers,105
400579156,2015-02-27,400579156,Memphis Grizzlies,79,Los Angeles Clippers,97
400579169,2015-03-01,400579169,Chicago Bulls,86,Los Angeles Clippers,96
400579180,2015-03-02,400579180,Minnesota Timberwolves,105,Los Angeles Clippers,110
400579200,2015-03-04,400579200,Los Angeles Clippers,93,Portland Trail Blazers,98
400579237,2015-03-09,400579237,Los Angeles Clippers,89,Minnesota Timberwolves,76
400579249,2015-03-11,400579249,Oklahoma City Thunder,108,Los Angeles Clippers,120
400579264,2015-03-13,400579264,Dallas Mavericks,129,Los Angeles Clippers,99
400579275,2015-03-15,400579275,Los Angeles Clippers,98,Houston Rockets,100
400579296,2015-03-17,400579296,Los Angeles Clippers,99,Charlotte Hornets,92
400579305,2015-03-18,400579305,Sacramento Kings,105,Los Angeles Clippers,116
400579323,2015-03-20,400579323,Los Angeles Clippers,113,Washington Wizards,99
400579332,2015-03-22,400579332,Los Angeles Clippers,107,New Orleans Pelicans,100
400579414,2015-04-01,400579414,Portland Trail Blazers,122,Los Angeles Clippers,126
400579436,2015-04-04,400579436,Denver Nuggets,92,Los Angeles Clippers,107
400579445,2015-04-05,400579445,Los Angeles Lakers,78,Los Angeles Clippers,106
400579451,2015-04-07,400579451,Los Angeles Clippers,105,Los Angeles Lakers,100
400579482,2015-04-11,400579482,Los Angeles Clippers,94,Memphis Grizzlies,86
400579505,2015-04-13,400579505,Los Angeles Clippers,110,Denver Nuggets,103
400579508,2015-04-14,400579508,Phoenix Suns,101,Los Angeles Clippers,112
400578295,2014-10-28,400578295,Los Angeles Lakers,90,Houston Rockets,108
400578305,2014-10-29,400578305,Phoenix Suns,119,Los Angeles Lakers,99
400578348,2014-11-04,400578348,Los Angeles Lakers,106,Phoenix Suns,112
400578389,2014-11-09,400578389,Los Angeles Lakers,107,Charlotte Hornets,92
400578396,2014-11-11,400578396,Memphis Grizzlies,107,Los Angeles Lakers,102
400578406,2014-11-12,400578406,New Orleans Pelicans,109,Los Angeles Lakers,102
400578423,2014-11-14,400578423,Los Angeles Lakers,80,San Antonio Spurs,93
400578447,2014-11-18,400578447,Atlanta Hawks,109,Los Angeles Lakers,114
400578461,2014-11-19,400578461,Houston Rockets,92,Los Angeles Lakers,98
400578472,2014-11-21,400578472,Dallas Mavericks,140,Los Angeles Lakers,106
400578489,2014-11-23,400578489,Los Angeles Lakers,94,Denver Nuggets,101
400578514,2014-11-26,400578514,Los Angeles Lakers,93,Memphis Grizzlies,99
400578526,2014-11-28,400578526,Los Angeles Lakers,119,Minnesota Timberwolves,120
400578547,2014-12-02,400578547,Detroit Pistons,96,Los Angeles Lakers,106
400578556,2014-12-03,400578556,Washington Wizards,111,Los Angeles Lakers,95
400578592,2014-12-07,400578592,Los Angeles Lakers,87,New Orleans Pelicans,104
400578607,2014-12-09,400578607,Los Angeles Lakers,98,Sacramento Kings,95
400578631,2014-12-12,400578631,San Antonio Spurs,110,Los Angeles Lakers,112
400578643,2014-12-14,400578643,Minnesota Timberwolves,94,Los Angeles Lakers,100
400578648,2014-12-15,400578648,Indiana Pacers,110,Los Angeles Lakers,91
400578684,2014-12-19,400578684,Los Angeles Lakers,103,Oklahoma City Thunder,104
400578694,2014-12-21,400578694,Sacramento Kings,108,Los Angeles Lakers,101
400578722,2014-12-25,400578722,Chicago Bulls,113,Los Angeles Lakers,93
400578731,2014-12-26,400578731,Dallas Mavericks,102,Los Angeles Lakers,98
400578750,2014-12-28,400578750,Los Angeles Lakers,107,Phoenix Suns,116
400578763,2014-12-30,400578763,Denver Nuggets,103,Los Angeles Lakers,111
400578786,2015-01-02,400578786,Los Angeles Lakers,106,Memphis Grizzlies,109
400578800,2015-01-04,400578800,Los Angeles Lakers,88,Indiana Pacers,87
400578809,2015-01-05,400578809,Portland Trail Blazers,98,Los Angeles Lakers,94
400578840,2015-01-09,400578840,Los Angeles Lakers,101,Orlando Magic,84
400578854,2015-01-11,400578854,Los Angeles Lakers,94,Portland Trail Blazers,106
400578865,2015-01-13,400578865,Los Angeles Lakers,75,Miami Heat,78
400578878,2015-01-15,400578878,Los Angeles Lakers,102,Cleveland Cavaliers,109
400578889,2015-01-16,400578889,Utah Jazz,94,Los Angeles Lakers,85
400578914,2015-01-19,400578914,Phoenix Suns,115,Los Angeles Lakers,100
400578924,2015-01-21,400578924,New Orleans Pelicans,96,Los Angeles Lakers,80
400578940,2015-01-23,400578940,San Antonio Spurs,99,Los Angeles Lakers,85
400578959,2015-01-25,400578959,Los Angeles Lakers,87,Houston Rockets,99
400578972,2015-01-27,400578972,Los Angeles Lakers,92,Washington Wizards,98
400578987,2015-01-29,400578987,Los Angeles Lakers,123,Chicago Bulls,118
400579028,2015-02-04,400579028,Milwaukee Bucks,113,Los Angeles Lakers,105
400579040,2015-02-06,400579040,Orlando Magic,103,Los Angeles Lakers,97
400579058,2015-02-08,400579058,Cleveland Cavaliers,120,Los Angeles Lakers,105
400579079,2015-02-10,400579079,Los Angeles Lakers,96,Denver Nuggets,106
400579090,2015-02-11,400579090,Portland Trail Blazers,102,Los Angeles Lakers,86
400579143,2015-02-25,400579143,Utah Jazz,97,Los Angeles Lakers,100
400579160,2015-02-27,400579160,Los Angeles Lakers,101,Milwaukee Bucks,93
400579170,2015-03-01,400579170,Los Angeles Lakers,101,Oklahoma City Thunder,108
400579182,2015-03-03,400579182,Charlotte Hornets,104,Los Angeles Lakers,103
400579197,2015-03-04,400579197,Miami Heat,100,Los Angeles Lakers,94
400579210,2015-03-06,400579210,Memphis Grizzlies,97,Los Angeles Lakers,90
400579229,2015-03-08,400579229,Los Angeles Lakers,93,Dallas Mavericks,100
400579243,2015-03-10,400579243,Los Angeles Lakers,93,Detroit Pistons,85
400579281,2015-03-15,400579281,Los Angeles Lakers,86,Atlanta Hawks,91
400579311,2015-03-19,400579311,Los Angeles Lakers,73,Utah Jazz,80
400579348,2015-03-24,400579348,Oklahoma City Thunder,127,Los Angeles Lakers,117
400579359,2015-03-25,400579359,Minnesota Timberwolves,99,Los Angeles Lakers,101
400579415,2015-04-01,400579415,Los Angeles Lakers,92,New Orleans Pelicans,113
400579428,2015-04-03,400579428,Los Angeles Lakers,77,Portland Trail Blazers,107
400579461,2015-04-08,400579461,Denver Nuggets,119,Los Angeles Lakers,101
400579478,2015-04-10,400579478,Los Angeles Lakers,106,Minnesota Timberwolves,98
400579493,2015-04-12,400579493,Los Angeles Lakers,106,Dallas Mavericks,120
400579503,2015-04-13,400579503,Sacramento Kings,102,Los Angeles Lakers,92
400579522,2015-04-15,400579522,Los Angeles Lakers,99,Sacramento Kings,122
400578316,2014-10-31,400578316,Phoenix Suns,94,San Antonio Spurs,89
400578329,2014-11-01,400578329,Utah Jazz,118,Phoenix Suns,91
400578357,2014-11-05,400578357,Phoenix Suns,91,Memphis Grizzlies,102
400578371,2014-11-07,400578371,Phoenix Suns,112,Sacramento Kings,114
400578422,2014-11-14,400578422,Phoenix Suns,95,Charlotte Hornets,103
400578457,2014-11-19,400578457,Detroit Pistons,86,Phoenix Suns,88
400578476,2014-11-22,400578476,Indiana Pacers,83,Phoenix Suns,106
400578513,2014-11-26,400578513,Phoenix Suns,120,Denver Nuggets,112
400578524,2014-11-28,400578524,Denver Nuggets,122,Phoenix Suns,97
400578538,2014-11-30,400578538,Phoenix Suns,90,Orlando Magic,93
400578552,2014-12-02,400578552,Phoenix Suns,116,Indiana Pacers,99
400578576,2014-12-05,400578576,Dallas Mavericks,106,Phoenix Suns,118
400578582,2014-12-06,400578582,Houston Rockets,100,Phoenix Suns,95
400578605,2014-12-09,400578605,Phoenix Suns,97,Miami Heat,103
400578629,2014-12-12,400578629,Phoenix Suns,103,Detroit Pistons,105
400578644,2014-12-14,400578644,Oklahoma City Thunder,112,Phoenix Suns,88
400578652,2014-12-15,400578652,Phoenix Suns,94,Milwaukee Bucks,96
400578661,2014-12-17,400578661,Charlotte Hornets,106,Phoenix Suns,111
400578698,2014-12-21,400578698,Washington Wizards,92,Phoenix Suns,104
400578717,2014-12-23,400578717,Phoenix Suns,124,Dallas Mavericks,115
400578734,2014-12-26,400578734,Sacramento Kings,106,Phoenix Suns,115
400578761,2014-12-30,400578761,New Orleans Pelicans,110,Phoenix Suns,106
400578772,2014-12-31,400578772,Oklahoma City Thunder,137,Phoenix Suns,134
400578812,2015-01-06,400578812,Milwaukee Bucks,96,Phoenix Suns,102
400578823,2015-01-07,400578823,Minnesota Timberwolves,111,Phoenix Suns,113
400578837,2015-01-09,400578837,San Antonio Spurs,100,Phoenix Suns,95
400578852,2015-01-11,400578852,Memphis Grizzlies,122,Phoenix Suns,110
400578862,2015-01-13,400578862,Phoenix Suns,107,Cleveland Cavaliers,100
400578888,2015-01-16,400578888,Phoenix Suns,110,Minnesota Timberwolves,99
400578926,2015-01-21,400578926,Phoenix Suns,118,Portland Trail Blazers,113
400578942,2015-01-23,400578942,Phoenix Suns,111,Houston Rockets,113
400578983,2015-01-28,400578983,Phoenix Suns,106,Washington Wizards,98
400578996,2015-01-30,400578996,Phoenix Suns,99,Chicago Bulls,93
400579017,2015-02-02,400579017,Phoenix Suns,101,Memphis Grizzlies,102
400579037,2015-02-05,400579037,Portland Trail Blazers,108,Phoenix Suns,87
400579048,2015-02-06,400579048,Phoenix Suns,100,Utah Jazz,93
400579065,2015-02-08,400579065,Sacramento Kings,85,Phoenix Suns,83
400579076,2015-02-10,400579076,Phoenix Suns,118,Houston Rockets,127
400579100,2015-02-20,400579100,Minnesota Timberwolves,111,Phoenix Suns,109
400579110,2015-02-21,400579110,Chicago Bulls,112,Phoenix Suns,107
400579142,2015-02-25,400579142,Denver Nuggets,96,Phoenix Suns,110
400579147,2015-02-26,400579147,Phoenix Suns,117,Oklahoma City Thunder,113
400579167,2015-02-28,400579167,Phoenix Suns,74,San Antonio Spurs,101
400579179,2015-03-02,400579179,Miami Heat,115,Phoenix Suns,98
400579189,2015-03-04,400579189,Orlando Magic,100,Phoenix Suns,105
400579216,2015-03-07,400579216,Cleveland Cavaliers,89,Phoenix Suns,79
400579251,2015-03-11,400579251,Phoenix Suns,106,Minnesota Timberwolves,97
400579266,2015-03-13,400579266,Phoenix Suns,87,Atlanta Hawks,96
400579310,2015-03-19,400579310,Phoenix Suns,74,New Orleans Pelicans,72
400579326,2015-03-21,400579326,Houston Rockets,102,Phoenix Suns,117
400579338,2015-03-22,400579338,Phoenix Suns,98,Dallas Mavericks,92
400579364,2015-03-25,400579364,Phoenix Suns,99,Sacramento Kings,108
400579378,2015-03-27,400579378,Phoenix Suns,81,Portland Trail Blazers,87
400579392,2015-03-29,400579392,Phoenix Suns,97,Oklahoma City Thunder,109
400579399,2015-03-30,400579399,Portland Trail Blazers,109,Phoenix Suns,86
400579437,2015-04-04,400579437,Phoenix Suns,87,Utah Jazz,85
400579446,2015-04-07,400579446,Atlanta Hawks,96,Phoenix Suns,69
400579463,2015-04-08,400579463,Dallas Mavericks,107,Phoenix Suns,104
400579474,2015-04-10,400579474,New Orleans Pelicans,90,Phoenix Suns,75
400579492,2015-04-12,400579492,San Antonio Spurs,107,Phoenix Suns,91
400578317,2014-10-31,400578317,Sacramento Kings,103,Portland Trail Blazers,94
400578339,2014-11-03,400578339,Denver Nuggets,105,Sacramento Kings,110
400578359,2014-11-05,400578359,Sacramento Kings,131,Denver Nuggets,109
400578384,2014-11-09,400578384,Oklahoma City Thunder,101,Sacramento Kings,93
400578398,2014-11-11,400578398,Dallas Mavericks,106,Sacramento Kings,98
400578410,2014-11-13,400578410,Memphis Grizzlies,111,Sacramento Kings,110
400578431,2014-11-15,400578431,Sacramento Kings,94,San Antonio Spurs,91
400578450,2014-11-18,400578450,Sacramento Kings,100,New Orleans Pelicans,106
400578463,2014-11-20,400578463,Sacramento Kings,103,Chicago Bulls,88
400578481,2014-11-22,400578481,Minnesota Timberwolves,101,Sacramento Kings,113
400578500,2014-11-25,400578500,New Orleans Pelicans,89,Sacramento Kings,99
400578509,2014-11-26,400578509,Houston Rockets,102,Sacramento Kings,89
400578523,2014-11-28,400578523,San Antonio Spurs,112,Sacramento Kings,104
400578536,2014-11-30,400578536,Sacramento Kings,85,Memphis Grizzlies,97
400578579,2014-12-05,400578579,Sacramento Kings,102,Indiana Pacers,101
400578584,2014-12-06,400578584,Sacramento Kings,96,Orlando Magic,105
400578598,2014-12-08,400578598,Sacramento Kings,101,Utah Jazz,92
400578619,2014-12-11,400578619,Sacramento Kings,109,Houston Rockets,113
400578639,2014-12-13,400578639,Sacramento Kings,90,Detroit Pistons,95
400578660,2014-12-16,400578660,Sacramento Kings,92,Oklahoma City Thunder,104
400578673,2014-12-18,400578673,Sacramento Kings,107,Milwaukee Bucks,108
400578775,2015-01-01,400578775,Minnesota Timberwolves,107,Sacramento Kings,110
400578796,2015-01-04,400578796,Detroit Pistons,114,Sacramento Kings,95
400578824,2015-01-07,400578824,Sacramento Kings,104,Oklahoma City Thunder,83
400578838,2015-01-09,400578838,Sacramento Kings,108,Denver Nuggets,118
400578853,2015-01-11,400578853,Sacramento Kings,103,Cleveland Cavaliers,84
400578864,2015-01-13,400578864,Sacramento Kings,104,Dallas Mavericks,108
400578890,2015-01-16,400578890,Sacramento Kings,83,Miami Heat,95
400578913,2015-01-19,400578913,Portland Trail Blazers,98,Sacramento Kings,94
400578992,2015-01-30,400578992,Cleveland Cavaliers,101,Sacramento Kings,90
400578997,2015-01-31,400578997,Indiana Pacers,94,Sacramento Kings,99
400579036,2015-02-05,400579036,Sacramento Kings,78,Dallas Mavericks,101
400579056,2015-02-07,400579056,Utah Jazz,102,Sacramento Kings,90
400579077,2015-02-10,400579077,Chicago Bulls,104,Sacramento Kings,86
400579084,2015-02-11,400579084,Milwaukee Bucks,111,Sacramento Kings,103
400579144,2015-02-25,400579144,Sacramento Kings,102,Memphis Grizzlies,90
400579159,2015-02-27,400579159,Sacramento Kings,96,San Antonio Spurs,107
400579171,2015-03-01,400579171,Sacramento Kings,99,Portland Trail Blazers,110
400579198,2015-03-04,400579198,San Antonio Spurs,112,Sacramento Kings,85
400579205,2015-03-06,400579205,Orlando Magic,119,Sacramento Kings,114
400579217,2015-03-07,400579217,Miami Heat,114,Sacramento Kings,109
400579231,2015-03-09,400579231,Atlanta Hawks,130,Sacramento Kings,105
400579244,2015-03-11,400579244,Charlotte Hornets,106,Sacramento Kings,113
400579269,2015-03-14,400579269,Washington Wizards,113,Sacramento Kings,97
400579290,2015-03-16,400579290,Sacramento Kings,103,Atlanta Hawks,110
400579321,2015-03-20,400579321,Sacramento Kings,101,Charlotte Hornets,91
400579334,2015-03-22,400579334,Sacramento Kings,109,Washington Wizards,86
400579375,2015-03-27,400579375,New Orleans Pelicans,102,Sacramento Kings,88
400579397,2015-03-30,400579397,Memphis Grizzlies,97,Sacramento Kings,83
400579409,2015-04-01,400579409,Houston Rockets,115,Sacramento Kings,111
400579427,2015-04-03,400579427,Sacramento Kings,95,New Orleans Pelicans,101
400579444,2015-04-05,400579444,Sacramento Kings,95,Utah Jazz,101
400579450,2015-04-07,400579450,Sacramento Kings,116,Minnesota Timberwolves,111
400579462,2015-04-08,400579462,Utah Jazz,103,Sacramento Kings,91
400579475,2015-04-10,400579475,Oklahoma City Thunder,116,Sacramento Kings,103
400579488,2015-04-12,400579488,Denver Nuggets,122,Sacramento Kings,111
400578314,2014-10-31,400578314,Chicago Bulls,108,Cleveland Cavaliers,114
400578327,2014-11-01,400578327,Minnesota Timberwolves,105,Chicago Bulls,106
400578345,2014-11-04,400578345,Chicago Bulls,98,Orlando Magic,90
400578354,2014-11-05,400578354,Milwaukee Bucks,86,Chicago Bulls,95
400578393,2014-11-10,400578393,Chicago Bulls,102,Detroit Pistons,91
400578427,2014-11-15,400578427,Chicago Bulls,90,Indiana Pacers,99
400578475,2014-11-21,400578475,Portland Trail Blazers,105,Chicago Bulls,87
400578496,2014-11-24,400578496,Utah Jazz,95,Chicago Bulls,97
400578501,2014-11-25,400578501,Denver Nuggets,114,Chicago Bulls,109
400578549,2014-12-02,400578549,Chicago Bulls,129,Dallas Mavericks,132
400578555,2014-12-03,400578555,Charlotte Hornets,95,Chicago Bulls,102
400578620,2014-12-12,400578620,Chicago Bulls,115,Portland Trail Blazers,106
400578641,2014-12-14,400578641,Miami Heat,75,Chicago Bulls,93
400578650,2014-12-15,400578650,Atlanta Hawks,93,Chicago Bulls,86
400578681,2014-12-19,400578681,Memphis Grizzlies,97,Chicago Bulls,103
400578711,2014-12-23,400578711,Washington Wizards,91,Chicago Bulls,99
400578739,2014-12-27,400578739,Chicago Bulls,107,New Orleans Pelicans,100
400578752,2014-12-29,400578752,Indiana Pacers,90,Chicago Bulls,92
400578774,2015-01-01,400578774,Chicago Bulls,106,Denver Nuggets,101
400578804,2015-01-05,400578804,Chicago Bulls,114,Houston Rockets,105
400578820,2015-01-07,400578820,Chicago Bulls,77,Utah Jazz,97
400578835,2015-01-09,400578835,Washington Wizards,102,Chicago Bulls,86
400578846,2015-01-10,400578846,Chicago Bulls,95,Milwaukee Bucks,87
400578858,2015-01-12,400578858,Chicago Bulls,114,Orlando Magic,121
400578871,2015-01-14,400578871,Chicago Bulls,99,Washington Wizards,105
400578894,2015-01-17,400578894,Chicago Bulls,99,Atlanta Hawks,107
400578912,2015-01-19,400578912,Cleveland Cavaliers,108,Chicago Bulls,94
400578929,2015-01-22,400578929,Chicago Bulls,104,San Antonio Spurs,81
400578938,2015-01-23,400578938,Dallas Mavericks,98,Chicago Bulls,102
400578949,2015-01-25,400578949,Chicago Bulls,84,Miami Heat,96
400579027,2015-02-04,400579027,Houston Rockets,101,Chicago Bulls,90
400579050,2015-02-07,400579050,New Orleans Pelicans,72,Chicago Bulls,107
400579062,2015-02-08,400579062,Orlando Magic,97,Chicago Bulls,98
400579092,2015-02-12,400579092,Chicago Bulls,113,Cleveland Cavaliers,98
400579098,2015-02-20,400579098,Detroit Pistons,100,Chicago Bulls,91
400579123,2015-02-23,400579123,Chicago Bulls,87,Milwaukee Bucks,71
400579137,2015-02-25,400579137,Chicago Bulls,86,Charlotte Hornets,98
400579154,2015-02-27,400579154,Chicago Bulls,96,Minnesota Timberwolves,89
400579185,2015-03-03,400579185,Chicago Bulls,97,Washington Wizards,92
400579201,2015-03-05,400579201,Chicago Bulls,108,Oklahoma City Thunder,105
400579204,2015-03-06,400579204,Indiana Pacers,98,Chicago Bulls,84
400579223,2015-03-08,400579223,San Antonio Spurs,116,Chicago Bulls,105
400579233,2015-03-09,400579233,Chicago Bulls,91,Memphis Grizzlies,101
400579259,2015-03-13,400579259,Charlotte Hornets,101,Chicago Bulls,91
400579274,2015-03-15,400579274,Oklahoma City Thunder,109,Chicago Bulls,100
400579301,2015-03-18,400579301,Chicago Bulls,103,Indiana Pacers,86
400579325,2015-03-21,400579325,Detroit Pistons,107,Chicago Bulls,91
400579343,2015-03-23,400579343,Chicago Bulls,98,Charlotte Hornets,86
400579410,2015-04-01,400579410,Milwaukee Bucks,95,Chicago Bulls,91
400579423,2015-04-03,400579423,Chicago Bulls,88,Detroit Pistons,82
400579440,2015-04-05,400579440,Cleveland Cavaliers,99,Chicago Bulls,94
400579453,2015-04-08,400579453,Orlando Magic,105,Chicago Bulls,103
400579465,2015-04-09,400579465,Miami Heat,78,Chicago Bulls,89
400579509,2015-04-15,400579509,Chicago Bulls,91,Atlanta Hawks,85
400578347,2014-11-04,400578347,Portland Trail Blazers,101,Cleveland Cavaliers,82
400578358,2014-11-05,400578358,Utah Jazz,102,Cleveland Cavaliers,100
400578373,2014-11-07,400578373,Denver Nuggets,101,Cleveland Cavaliers,110
400578390,2014-11-10,400578390,Cleveland Cavaliers,118,New Orleans Pelicans,111
400578425,2014-11-15,400578425,Cleveland Cavaliers,127,Atlanta Hawks,94
400578439,2014-11-17,400578439,Cleveland Cavaliers,97,Denver Nuggets,106
400578451,2014-11-19,400578451,Cleveland Cavaliers,90,San Antonio Spurs,92
400578471,2014-11-21,400578471,Washington Wizards,91,Cleveland Cavaliers,78
400578491,2014-11-24,400578491,Cleveland Cavaliers,106,Orlando Magic,74
400578503,2014-11-26,400578503,Cleveland Cavaliers,113,Washington Wizards,87
400578530,2014-11-29,400578530,Cleveland Cavaliers,109,Indiana Pacers,97
400578545,2014-12-02,400578545,Cleveland Cavaliers,111,Milwaukee Bucks,108
400578618,2014-12-11,400578618,Oklahoma City Thunder,103,Cleveland Cavaliers,94
400578628,2014-12-12,400578628,New Orleans Pelicans,119,Cleveland Cavaliers,114
400578647,2014-12-15,400578647,Cleveland Cavaliers,97,Charlotte Hornets,88
400578662,2014-12-17,400578662,Cleveland Cavaliers,98,Atlanta Hawks,127
400578693,2014-12-21,400578693,Cleveland Cavaliers,105,Memphis Grizzlies,91
400578708,2014-12-23,400578708,Cleveland Cavaliers,125,Minnesota Timberwolves,104
400578721,2014-12-25,400578721,Miami Heat,101,Cleveland Cavaliers,91
400578725,2014-12-26,400578725,Orlando Magic,89,Cleveland Cavaliers,98
400578745,2014-12-28,400578745,Cleveland Cavaliers,80,Detroit Pistons,103
400578758,2014-12-30,400578758,Atlanta Hawks,109,Cleveland Cavaliers,101
400578771,2014-12-31,400578771,Cleveland Cavaliers,80,Milwaukee Bucks,96
400578776,2015-01-02,400578776,Charlotte Hornets,87,Cleveland Cavaliers,91
400578795,2015-01-04,400578795,Cleveland Cavaliers,90,Dallas Mavericks,109
400578815,2015-01-07,400578815,Cleveland Cavaliers,93,Houston Rockets,105
400578918,2015-01-21,400578918,Cleveland Cavaliers,106,Utah Jazz,92
400578935,2015-01-23,400578935,Cleveland Cavaliers,129,Charlotte Hornets,90
400578950,2015-01-25,400578950,Cleveland Cavaliers,108,Oklahoma City Thunder,98
400578968,2015-01-27,400578968,Detroit Pistons,95,Cleveland Cavaliers,103
400578973,2015-01-28,400578973,Cleveland Cavaliers,99,Portland Trail Blazers,94
400579003,2015-01-31,400579003,Minnesota Timberwolves,90,Cleveland Cavaliers,106
400579039,2015-02-06,400579039,Indiana Pacers,103,Cleveland Cavaliers,99
400579088,2015-02-11,400579088,Cleveland Cavaliers,113,Miami Heat,93
400579101,2015-02-20,400579101,Washington Wizards,89,Cleveland Cavaliers,127
400579131,2015-02-24,400579131,Detroit Pistons,93,Cleveland Cavaliers,102
400579148,2015-02-27,400579148,Indiana Pacers,93,Cleveland Cavaliers,86
400579175,2015-03-01,400579175,Houston Rockets,105,Cleveland Cavaliers,103
400579207,2015-03-06,400579207,Atlanta Hawks,106,Cleveland Cavaliers,97
400579240,2015-03-10,400579240,Dallas Mavericks,94,Cleveland Cavaliers,127
400579256,2015-03-12,400579256,San Antonio Spurs,125,Cleveland Cavaliers,128
400579277,2015-03-15,400579277,Orlando Magic,108,Cleveland Cavaliers,123
400579287,2015-03-16,400579287,Miami Heat,106,Cleveland Cavaliers,92
400579315,2015-03-20,400579315,Cleveland Cavaliers,95,Indiana Pacers,92
400579329,2015-03-22,400579329,Milwaukee Bucks,90,Cleveland Cavaliers,108
400579358,2015-03-25,400579358,Memphis Grizzlies,89,Cleveland Cavaliers,111
400579416,2015-04-02,400579416,Cleveland Cavaliers,114,Miami Heat,88
400579459,2015-04-08,400579459,Milwaukee Bucks,99,Cleveland Cavaliers,104
400579495,2015-04-13,400579495,Cleveland Cavaliers,109,Detroit Pistons,97
400579517,2015-04-15,400579517,Cleveland Cavaliers,113,Washington Wizards,108
400578303,2014-10-29,400578303,Denver Nuggets,89,Detroit Pistons,79
400578309,2014-10-30,400578309,Minnesota Timberwolves,97,Detroit Pistons,91
400578368,2014-11-07,400578368,Detroit Pistons,98,Milwaukee Bucks,95
400578383,2014-11-09,400578383,Detroit Pistons,96,Utah Jazz,97
400578401,2014-11-12,400578401,Washington Wizards,107,Detroit Pistons,103
400578421,2014-11-14,400578421,Oklahoma City Thunder,89,Detroit Pistons,96
400578428,2014-11-15,400578428,Memphis Grizzlies,95,Detroit Pistons,88
400578442,2014-11-17,400578442,Detroit Pistons,93,Orlando Magic,107
400578466,2014-11-21,400578466,Atlanta Hawks,99,Detroit Pistons,89
400578499,2014-11-25,400578499,Milwaukee Bucks,98,Detroit Pistons,86
400578518,2014-11-28,400578518,Detroit Pistons,88,Milwaukee Bucks,104
400578589,2014-12-07,400578589,Detroit Pistons,94,Oklahoma City Thunder,96
400578601,2014-12-09,400578601,Detroit Pistons,86,Portland Trail Blazers,98
400578664,2014-12-17,400578664,Detroit Pistons,106,Dallas Mavericks,117
400578727,2014-12-26,400578727,Detroit Pistons,119,Indiana Pacers,109
400578757,2014-12-30,400578757,Orlando Magic,86,Detroit Pistons,109
400578813,2015-01-06,400578813,San Antonio Spurs,104,Detroit Pistons,105
400578821,2015-01-07,400578821,Dallas Mavericks,95,Detroit Pistons,108
400578832,2015-01-09,400578832,Detroit Pistons,103,Atlanta Hawks,106
400578869,2015-01-14,400578869,Detroit Pistons,94,New Orleans Pelicans,105
400578879,2015-01-16,400578879,Indiana Pacers,96,Detroit Pistons,98
400578905,2015-01-19,400578905,Atlanta Hawks,93,Detroit Pistons,82
400578921,2015-01-21,400578921,Detroit Pistons,128,Orlando Magic,118
400578945,2015-01-24,400578945,Milwaukee Bucks,101,Detroit Pistons,86
400579001,2015-01-31,400579001,Detroit Pistons,114,Houston Rockets,101
400579019,2015-02-03,400579019,Detroit Pistons,108,Miami Heat,91
400579023,2015-02-04,400579023,Indiana Pacers,114,Detroit Pistons,109
400579043,2015-02-06,400579043,Detroit Pistons,98,Denver Nuggets,88
400579061,2015-02-08,400579061,Detroit Pistons,101,Minnesota Timberwolves,112
400579075,2015-02-10,400579075,Charlotte Hornets,78,Detroit Pistons,106
400579082,2015-02-11,400579082,Detroit Pistons,87,San Antonio Spurs,104
400579115,2015-02-22,400579115,Detroit Pistons,106,Washington Wizards,89
400579162,2015-02-28,400579162,Washington Wizards,99,Detroit Pistons,95
400579195,2015-03-04,400579195,New Orleans Pelicans,88,Detroit Pistons,85
400579209,2015-03-06,400579209,Houston Rockets,103,Detroit Pistons,93
400579226,2015-03-08,400579226,Detroit Pistons,101,Charlotte Hornets,108
400579267,2015-03-13,400579267,Portland Trail Blazers,118,Detroit Pistons,99
400579272,2015-03-14,400579272,Utah Jazz,88,Detroit Pistons,85
400579292,2015-03-17,400579292,Detroit Pistons,105,Memphis Grizzlies,95
400579366,2015-03-27,400579366,Orlando Magic,97,Detroit Pistons,111
400579388,2015-03-29,400579388,Miami Heat,109,Detroit Pistons,102
400579401,2015-03-31,400579401,Detroit Pistons,105,Atlanta Hawks,95
400579404,2015-04-01,400579404,Charlotte Hornets,102,Detroit Pistons,78
400579431,2015-04-04,400579431,Detroit Pistons,99,Miami Heat,98
400579471,2015-04-10,400579471,Detroit Pistons,103,Indiana Pacers,107
400579487,2015-04-12,400579487,Detroit Pistons,116,Charlotte Hornets,77
400578313,2014-10-31,400578313,Indiana Pacers,89,Memphis Grizzlies,97
400578324,2014-11-01,400578324,Atlanta Hawks,102,Indiana Pacers,92
400578341,2014-11-04,400578341,Indiana Pacers,81,Milwaukee Bucks,87
400578355,2014-11-05,400578355,Washington Wizards,96,Indiana Pacers,94
400578375,2014-11-08,400578375,Indiana Pacers,90,Washington Wizards,97
400578391,2014-11-10,400578391,Indiana Pacers,97,Utah Jazz,86
400578404,2014-11-12,400578404,Miami Heat,75,Indiana Pacers,81
400578414,2014-11-14,400578414,Indiana Pacers,87,Denver Nuggets,108
400578452,2014-11-19,400578452,Indiana Pacers,88,Charlotte Hornets,86
400578495,2014-11-24,400578495,Dallas Mavericks,100,Indiana Pacers,111
400578512,2014-11-26,400578512,San Antonio Spurs,106,Indiana Pacers,100
400578522,2014-11-28,400578522,Indiana Pacers,98,Orlando Magic,83
400578566,2014-12-04,400578566,Portland Trail Blazers,88,Indiana Pacers,82
400578593,2014-12-08,400578593,Indiana Pacers,92,Atlanta Hawks,108
400578634,2014-12-13,400578634,Indiana Pacers,85,Portland Trail Blazers,95
400578690,2014-12-20,400578690,Denver Nuggets,76,Indiana Pacers,73
400578699,2014-12-21,400578699,Minnesota Timberwolves,96,Indiana Pacers,100
400578709,2014-12-23,400578709,Indiana Pacers,96,New Orleans Pelicans,84
400578768,2014-12-31,400578768,Indiana Pacers,106,Miami Heat,95
400578782,2015-01-02,400578782,Milwaukee Bucks,91,Indiana Pacers,94
400578808,2015-01-05,400578808,Utah Jazz,101,Indiana Pacers,105
400578859,2015-01-13,400578859,Indiana Pacers,101,Minnesota Timberwolves,110
400578892,2015-01-17,400578892,Charlotte Hornets,80,Indiana Pacers,71
400578909,2015-01-19,400578909,Houston Rockets,110,Indiana Pacers,98
400578920,2015-01-21,400578920,Atlanta Hawks,110,Indiana Pacers,91
400578936,2015-01-23,400578936,Miami Heat,89,Indiana Pacers,87
400578954,2015-01-25,400578954,Orlando Magic,99,Indiana Pacers,106
400579060,2015-02-08,400579060,Charlotte Hornets,102,Indiana Pacers,103
400579066,2015-02-09,400579066,Indiana Pacers,93,San Antonio Spurs,95
400579086,2015-02-11,400579086,New Orleans Pelicans,93,Indiana Pacers,106
400579132,2015-02-24,400579132,Oklahoma City Thunder,105,Indiana Pacers,92
400579238,2015-03-10,400579238,Indiana Pacers,118,Orlando Magic,86
400579254,2015-03-12,400579254,Indiana Pacers,109,Milwaukee Bucks,103
400579340,2015-03-23,400579340,Indiana Pacers,100,Houston Rockets,110
400579355,2015-03-25,400579355,Washington Wizards,101,Indiana Pacers,103
400579365,2015-03-26,400579365,Milwaukee Bucks,111,Indiana Pacers,107
400579391,2015-03-29,400579391,Indiana Pacers,104,Dallas Mavericks,99
400579419,2015-04-03,400579419,Indiana Pacers,93,Charlotte Hornets,74
400579441,2015-04-05,400579441,Indiana Pacers,112,Miami Heat,89
400579489,2015-04-12,400579489,Indiana Pacers,116,Oklahoma City Thunder,104
400579507,2015-04-14,400579507,Indiana Pacers,99,Washington Wizards,95
400579512,2015-04-15,400579512,Memphis Grizzlies,95,Indiana Pacers,83
400578296,2014-10-29,400578296,Charlotte Hornets,108,Milwaukee Bucks,106
400578323,2014-11-01,400578323,Washington Wizards,108,Milwaukee Bucks,97
400578380,2014-11-08,400578380,Milwaukee Bucks,93,Memphis Grizzlies,92
400578397,2014-11-11,400578397,Milwaukee Bucks,85,Oklahoma City Thunder,78
400578415,2014-11-14,400578415,Orlando Magic,101,Milwaukee Bucks,85
400578435,2014-11-16,400578435,Miami Heat,84,Milwaukee Bucks,91
400578482,2014-11-22,400578482,Milwaukee Bucks,100,Washington Wizards,111
400578510,2014-11-26,400578510,Minnesota Timberwolves,86,Milwaukee Bucks,103
400578532,2014-11-29,400578532,Milwaukee Bucks,103,Houston Rockets,117
400578561,2014-12-03,400578561,Milwaukee Bucks,105,Dallas Mavericks,107
400578577,2014-12-05,400578577,Milwaukee Bucks,109,Miami Heat,85
400578590,2014-12-07,400578590,Dallas Mavericks,125,Milwaukee Bucks,102
400578604,2014-12-09,400578604,Oklahoma City Thunder,114,Milwaukee Bucks,101
400578668,2014-12-17,400578668,Portland Trail Blazers,104,Milwaukee Bucks,97
400578715,2014-12-23,400578715,Milwaukee Bucks,101,Charlotte Hornets,108
400578726,2014-12-26,400578726,Atlanta Hawks,77,Milwaukee Bucks,107
400578741,2014-12-27,400578741,Milwaukee Bucks,85,Atlanta Hawks,90
400578751,2014-12-29,400578751,Charlotte Hornets,94,Milwaukee Bucks,104
400578836,2015-01-09,400578836,Milwaukee Bucks,98,Minnesota Timberwolves,84
400578930,2015-01-22,400578930,Milwaukee Bucks,99,Utah Jazz,101
400578955,2015-01-25,400578955,San Antonio Spurs,101,Milwaukee Bucks,95
400578969,2015-01-27,400578969,Miami Heat,102,Milwaukee Bucks,109
400578984,2015-01-29,400578984,Orlando Magic,100,Milwaukee Bucks,115
400579004,2015-01-31,400579004,Milwaukee Bucks,95,Portland Trail Blazers,88
400579045,2015-02-06,400579045,Houston Rockets,117,Milwaukee Bucks,111
400579103,2015-02-20,400579103,Milwaukee Bucks,89,Denver Nuggets,81
400579114,2015-02-22,400579114,Milwaukee Bucks,86,Atlanta Hawks,97
400579168,2015-02-28,400579168,Utah Jazz,82,Milwaukee Bucks,75
400579187,2015-03-03,400579187,Denver Nuggets,106,Milwaukee Bucks,95
400579221,2015-03-07,400579221,Milwaukee Bucks,91,Washington Wizards,85
400579234,2015-03-09,400579234,Milwaukee Bucks,103,New Orleans Pelicans,114
400579248,2015-03-11,400579248,Milwaukee Bucks,97,Orlando Magic,91
400579271,2015-03-14,400579271,Memphis Grizzlies,96,Milwaukee Bucks,83
400579295,2015-03-17,400579295,New Orleans Pelicans,85,Milwaukee Bucks,84
400579302,2015-03-18,400579302,Milwaukee Bucks,103,San Antonio Spurs,114
400579347,2015-03-24,400579347,Milwaukee Bucks,89,Miami Heat,88
400579395,2015-03-30,400579395,Atlanta Hawks,101,Milwaukee Bucks,88
400579435,2015-04-04,400579435,Milwaukee Bucks,90,Orlando Magic,97
400578294,2014-10-28,400578294,San Antonio Spurs,101,Dallas Mavericks,100
400578311,2014-10-30,400578311,Dallas Mavericks,120,Utah Jazz,102
400578319,2014-11-01,400578319,New Orleans Pelicans,104,Dallas Mavericks,109
400578362,2014-11-06,400578362,Portland Trail Blazers,108,Dallas Mavericks,87
400578372,2014-11-07,400578372,Utah Jazz,82,Dallas Mavericks,105
400578386,2014-11-09,400578386,Dallas Mavericks,96,Miami Heat,105
400578429,2014-11-15,400578429,Dallas Mavericks,131,Minnesota Timberwolves,117
400578438,2014-11-17,400578438,Charlotte Hornets,80,Dallas Mavericks,107
400578455,2014-11-19,400578455,Washington Wizards,102,Dallas Mavericks,105
400578480,2014-11-22,400578480,Houston Rockets,95,Dallas Mavericks,92
400578602,2014-12-09,400578602,Memphis Grizzlies,114,Dallas Mavericks,105
400578615,2014-12-10,400578615,Dallas Mavericks,112,New Orleans Pelicans,107
400578689,2014-12-20,400578689,Dallas Mavericks,99,San Antonio Spurs,93
400578705,2014-12-22,400578705,Dallas Mavericks,102,Atlanta Hawks,105
400578747,2014-12-28,400578747,Dallas Mavericks,112,Oklahoma City Thunder,107
400578762,2014-12-30,400578762,Dallas Mavericks,114,Washington Wizards,87
400578873,2015-01-14,400578873,Denver Nuggets,114,Dallas Mavericks,107
400578886,2015-01-16,400578886,Dallas Mavericks,97,Denver Nuggets,89
400578908,2015-01-19,400578908,Memphis Grizzlies,95,Dallas Mavericks,103
400578923,2015-01-21,400578923,Minnesota Timberwolves,75,Dallas Mavericks,98
400578952,2015-01-25,400578952,New Orleans Pelicans,109,Dallas Mavericks,106
400578970,2015-01-27,400578970,Dallas Mavericks,90,Memphis Grizzlies,109
400578977,2015-01-28,400578977,Houston Rockets,99,Dallas Mavericks,94
400578994,2015-01-30,400578994,Miami Heat,72,Dallas Mavericks,93
400578998,2015-01-31,400578998,Orlando Magic,93,Dallas Mavericks,108
400579016,2015-02-02,400579016,Dallas Mavericks,100,Minnesota Timberwolves,94
400579054,2015-02-07,400579054,Dallas Mavericks,111,Portland Trail Blazers,101
400579089,2015-02-11,400579089,Dallas Mavericks,87,Utah Jazz,82
400579093,2015-02-19,400579093,Oklahoma City Thunder,104,Dallas Mavericks,89
400579102,2015-02-20,400579102,Dallas Mavericks,111,Houston Rockets,100
400579119,2015-02-22,400579119,Dallas Mavericks,92,Charlotte Hornets,81
400579135,2015-02-25,400579135,Atlanta Hawks,104,Dallas Mavericks,87
400579181,2015-03-02,400579181,Dallas Mavericks,102,New Orleans Pelicans,93
400579202,2015-03-05,400579202,Portland Trail Blazers,94,Dallas Mavericks,75
400579288,2015-03-16,400579288,Dallas Mavericks,119,Oklahoma City Thunder,115
400579304,2015-03-18,400579304,Dallas Mavericks,107,Orlando Magic,102
400579319,2015-03-20,400579319,Dallas Mavericks,101,Memphis Grizzlies,112
400579349,2015-03-24,400579349,Dallas Mavericks,101,San Antonio Spurs,94
400579376,2015-03-27,400579376,San Antonio Spurs,94,Dallas Mavericks,76
400579412,2015-04-01,400579412,Oklahoma City Thunder,131,Dallas Mavericks,135
400579417,2015-04-02,400579417,Dallas Mavericks,101,Houston Rockets,108
400579476,2015-04-10,400579476,Denver Nuggets,143,Dallas Mavericks,144
400579502,2015-04-13,400579502,Utah Jazz,109,Dallas Mavericks,92
400579510,2015-04-15,400579510,Dallas Mavericks,114,Portland Trail Blazers,98
400578304,2014-10-29,400578304,Utah Jazz,93,Houston Rockets,104
400578342,2014-11-04,400578342,Miami Heat,91,Houston Rockets,108
400578361,2014-11-06,400578361,Houston Rockets,98,San Antonio Spurs,81
400578409,2014-11-12,400578409,Minnesota Timberwolves,101,Houston Rockets,113
400578436,2014-11-16,400578436,Oklahoma City Thunder,65,Houston Rockets,69
400578443,2014-11-17,400578443,Memphis Grizzlies,119,Houston Rockets,93
400578560,2014-12-03,400578560,Houston Rockets,105,Memphis Grizzlies,96
400578575,2014-12-05,400578575,Minnesota Timberwolves,112,Houston Rockets,114
400578638,2014-12-13,400578638,Houston Rockets,108,Denver Nuggets,96
400578670,2014-12-17,400578670,Denver Nuggets,111,Houston Rockets,115
400578672,2014-12-18,400578672,Houston Rockets,90,New Orleans Pelicans,99
400578688,2014-12-20,400578688,Houston Rockets,97,Atlanta Hawks,104
400578703,2014-12-22,400578703,Houston Rockets,110,Portland Trail Blazers,95
400578728,2014-12-26,400578728,Memphis Grizzlies,111,Houston Rockets,117
400578746,2014-12-28,400578746,San Antonio Spurs,110,Houston Rockets,106
400578755,2014-12-29,400578755,Houston Rockets,103,Washington Wizards,104
400578770,2014-12-31,400578770,Houston Rockets,102,Charlotte Hornets,83
400578780,2015-01-02,400578780,New Orleans Pelicans,111,Houston Rockets,83
400578789,2015-01-03,400578789,Houston Rockets,115,Miami Heat,79
400578847,2015-01-10,400578847,Houston Rockets,97,Utah Jazz,82
400578867,2015-01-14,400578867,Orlando Magic,120,Houston Rockets,113
400578876,2015-01-15,400578876,Houston Rockets,112,Oklahoma City Thunder,101
400579063,2015-02-08,400579063,Houston Rockets,98,Portland Trail Blazers,109
400579124,2015-02-23,400579124,Houston Rockets,113,Minnesota Timberwolves,102
400579184,2015-03-03,400579184,Atlanta Hawks,104,Houston Rockets,96
400579193,2015-03-04,400579193,Houston Rockets,100,Memphis Grizzlies,102
400579222,2015-03-07,400579222,Denver Nuggets,100,Houston Rockets,114
400579253,2015-03-11,400579253,Portland Trail Blazers,105,Houston Rockets,100
400579257,2015-03-12,400579257,Utah Jazz,109,Houston Rockets,91
400579294,2015-03-17,400579294,Houston Rockets,107,Orlando Magic,94
400579309,2015-03-19,400579309,Houston Rockets,118,Denver Nuggets,108
400579360,2015-03-25,400579360,New Orleans Pelicans,93,Houston Rockets,95
400579373,2015-03-27,400579373,Houston Rockets,120,Minnesota Timberwolves,110
400579389,2015-03-29,400579389,Washington Wizards,91,Houston Rockets,99
400579439,2015-04-05,400579439,Oklahoma City Thunder,112,Houston Rockets,115
400579460,2015-04-08,400579460,San Antonio Spurs,110,Houston Rockets,98
400579473,2015-04-10,400579473,Houston Rockets,103,San Antonio Spurs,104
400579491,2015-04-12,400579491,Houston Rockets,121,New Orleans Pelicans,114
400579494,2015-04-13,400579494,Charlotte Hornets,90,Houston Rockets,100
400579511,2015-04-15,400579511,Houston Rockets,117,Utah Jazz,91
400578301,2014-10-29,400578301,Memphis Grizzlies,105,Minnesota Timberwolves,101
400578320,2014-11-01,400578320,Charlotte Hornets,69,Memphis Grizzlies,71
400578337,2014-11-03,400578337,Memphis Grizzlies,93,New Orleans Pelicans,81
400578370,2014-11-07,400578370,Oklahoma City Thunder,89,Memphis Grizzlies,91
400578525,2014-11-28,400578525,Portland Trail Blazers,99,Memphis Grizzlies,112
400578574,2014-12-05,400578574,Memphis Grizzlies,101,San Antonio Spurs,107
400578588,2014-12-07,400578588,Memphis Grizzlies,103,Miami Heat,87
400578626,2014-12-12,400578626,Memphis Grizzlies,113,Charlotte Hornets,107
400578667,2014-12-17,400578667,San Antonio Spurs,116,Memphis Grizzlies,117
400578704,2014-12-22,400578704,Memphis Grizzlies,91,Utah Jazz,97
400578738,2014-12-27,400578738,Miami Heat,95,Memphis Grizzlies,103
400578760,2014-12-30,400578760,Memphis Grizzlies,95,San Antonio Spurs,87
400578792,2015-01-03,400578792,Denver Nuggets,114,Memphis Grizzlies,85
400578818,2015-01-07,400578818,Atlanta Hawks,96,Memphis Grizzlies,86
400578833,2015-01-09,400578833,New Orleans Pelicans,106,Memphis Grizzlies,95
400578880,2015-01-16,400578880,Orlando Magic,96,Memphis Grizzlies,106
400578896,2015-01-17,400578896,Memphis Grizzlies,102,Portland Trail Blazers,98
400578962,2015-01-26,400578962,Memphis Grizzlies,103,Orlando Magic,94
400578985,2015-01-29,400578985,Memphis Grizzlies,99,Denver Nuggets,69
400579002,2015-01-31,400579002,Memphis Grizzlies,85,Oklahoma City Thunder,74
400579032,2015-02-04,400579032,Utah Jazz,90,Memphis Grizzlies,100
400579046,2015-02-06,400579046,Minnesota Timberwolves,90,Memphis Grizzlies,89
400579059,2015-02-08,400579059,Memphis Grizzlies,94,Atlanta Hawks,88
400579087,2015-02-11,400579087,Oklahoma City Thunder,105,Memphis Grizzlies,89
400579120,2015-02-22,400579120,Portland Trail Blazers,92,Memphis Grizzlies,98
400579165,2015-02-28,400579165,Minnesota Timberwolves,97,Memphis Grizzlies,101
400579186,2015-03-03,400579186,Memphis Grizzlies,82,Utah Jazz,93
400579215,2015-03-07,400579215,New Orleans Pelicans,95,Memphis Grizzlies,89
400579255,2015-03-12,400579255,Washington Wizards,107,Memphis Grizzlies,87
400579285,2015-03-16,400579285,Memphis Grizzlies,92,Denver Nuggets,81
400579327,2015-03-21,400579327,Memphis Grizzlies,97,Portland Trail Blazers,86
400579390,2015-03-29,400579390,San Antonio Spurs,103,Memphis Grizzlies,89
400579424,2015-04-03,400579424,Memphis Grizzlies,100,Oklahoma City Thunder,92
400579433,2015-04-04,400579433,Memphis Grizzlies,83,Washington Wizards,92
400579458,2015-04-08,400579458,Memphis Grizzlies,110,New Orleans Pelicans,74
400579477,2015-04-10,400579477,Utah Jazz,88,Memphis Grizzlies,89
400578293,2014-10-28,400578293,New Orleans Pelicans,101,Orlando Magic,84
400578346,2014-11-04,400578346,New Orleans Pelicans,100,Charlotte Hornets,91
400578381,2014-11-08,400578381,San Antonio Spurs,99,New Orleans Pelicans,100
400578420,2014-11-14,400578420,New Orleans Pelicans,139,Minnesota Timberwolves,91
400578445,2014-11-17,400578445,Portland Trail Blazers,102,New Orleans Pelicans,93
400578473,2014-11-21,400578473,Denver Nuggets,117,New Orleans Pelicans,97
400578484,2014-11-22,400578484,Utah Jazz,94,New Orleans Pelicans,106
400578517,2014-11-28,400578517,Atlanta Hawks,100,New Orleans Pelicans,91
400578528,2014-11-29,400578528,Washington Wizards,83,New Orleans Pelicans,80
400578550,2014-12-02,400578550,New Orleans Pelicans,112,Oklahoma City Thunder,104
400578658,2014-12-16,400578658,New Orleans Pelicans,119,Utah Jazz,111
400578686,2014-12-20,400578686,New Orleans Pelicans,88,Portland Trail Blazers,114
400578700,2014-12-21,400578700,Oklahoma City Thunder,99,New Orleans Pelicans,101
400578729,2014-12-26,400578729,New Orleans Pelicans,97,San Antonio Spurs,90
400578773,2014-12-31,400578773,San Antonio Spurs,95,New Orleans Pelicans,93
400578807,2015-01-05,400578807,New Orleans Pelicans,85,Washington Wizards,92
400578814,2015-01-07,400578814,Charlotte Hornets,98,New Orleans Pelicans,94
400578939,2015-01-23,400578939,Minnesota Timberwolves,84,New Orleans Pelicans,92
400578979,2015-01-28,400578979,New Orleans Pelicans,85,Denver Nuggets,93
400579014,2015-02-02,400579014,New Orleans Pelicans,115,Atlanta Hawks,100
400579030,2015-02-04,400579030,New Orleans Pelicans,91,Oklahoma City Thunder,102
400579047,2015-02-06,400579047,Oklahoma City Thunder,113,New Orleans Pelicans,116
400579072,2015-02-09,400579072,New Orleans Pelicans,96,Utah Jazz,100
400579095,2015-02-20,400579095,Orlando Magic,95,New Orleans Pelicans,84
400579109,2015-02-21,400579109,Miami Heat,91,New Orleans Pelicans,105
400579157,2015-02-27,400579157,New Orleans Pelicans,104,Miami Heat,102
400579176,2015-03-01,400579176,Denver Nuggets,92,New Orleans Pelicans,99
400579276,2015-03-15,400579276,New Orleans Pelicans,111,Denver Nuggets,118
400579386,2015-03-29,400579386,New Orleans Pelicans,110,Minnesota Timberwolves,88
400579438,2015-04-04,400579438,Portland Trail Blazers,99,New Orleans Pelicans,90
400579500,2015-04-13,400579500,Minnesota Timberwolves,88,New Orleans Pelicans,100
400579515,2015-04-15,400579515,New Orleans Pelicans,108,San Antonio Spurs,103
400578356,2014-11-05,400578356,San Antonio Spurs,94,Atlanta Hawks,92
400578469,2014-11-21,400578469,Minnesota Timberwolves,92,San Antonio Spurs,121
400578583,2014-12-06,400578583,San Antonio Spurs,123,Minnesota Timberwolves,101
400578606,2014-12-09,400578606,Utah Jazz,100,San Antonio Spurs,96
400578646,2014-12-14,400578646,Denver Nuggets,91,San Antonio Spurs,99
400578653,2014-12-15,400578653,Portland Trail Blazers,108,San Antonio Spurs,95
400578682,2014-12-19,400578682,San Antonio Spurs,119,Portland Trail Blazers,129
400578720,2014-12-25,400578720,San Antonio Spurs,106,Oklahoma City Thunder,114
400578791,2015-01-03,400578791,San Antonio Spurs,101,Washington Wizards,92
400578848,2015-01-10,400578848,Minnesota Timberwolves,93,San Antonio Spurs,108
400578861,2015-01-13,400578861,Washington Wizards,101,San Antonio Spurs,93
400578866,2015-01-14,400578866,Charlotte Hornets,93,San Antonio Spurs,98
400578887,2015-01-16,400578887,San Antonio Spurs,110,Portland Trail Blazers,96
400578902,2015-01-18,400578902,San Antonio Spurs,89,Utah Jazz,69
400578916,2015-01-20,400578916,Denver Nuggets,99,San Antonio Spurs,109
400578981,2015-01-28,400578981,San Antonio Spurs,95,Charlotte Hornets,86
400579031,2015-02-04,400579031,San Antonio Spurs,110,Orlando Magic,103
400579049,2015-02-06,400579049,San Antonio Spurs,98,Miami Heat,85
400579128,2015-02-23,400579128,Utah Jazz,90,San Antonio Spurs,81
400579145,2015-02-25,400579145,Portland Trail Blazers,111,San Antonio Spurs,95
400579213,2015-03-06,400579213,San Antonio Spurs,120,Denver Nuggets,111
400579278,2015-03-15,400579278,San Antonio Spurs,123,Minnesota Timberwolves,97
400579331,2015-03-22,400579331,Atlanta Hawks,95,San Antonio Spurs,114
400579363,2015-03-25,400579363,San Antonio Spurs,130,Oklahoma City Thunder,91
400579402,2015-03-31,400579402,Miami Heat,81,San Antonio Spurs,95
400579405,2015-04-01,400579405,Orlando Magic,91,San Antonio Spurs,103
400579426,2015-04-03,400579426,San Antonio Spurs,123,Denver Nuggets,93
400579449,2015-04-07,400579449,Oklahoma City Thunder,88,San Antonio Spurs,113
400578363,2014-11-07,400578363,Charlotte Hornets,122,Atlanta Hawks,119
400578402,2014-11-12,400578402,Atlanta Hawks,100,Utah Jazz,97
400578416,2014-11-14,400578416,Atlanta Hawks,114,Miami Heat,103
400578497,2014-11-25,400578497,Washington Wizards,102,Atlanta Hawks,106
400578529,2014-11-29,400578529,Atlanta Hawks,105,Charlotte Hornets,75
400578559,2014-12-03,400578559,Miami Heat,102,Atlanta Hawks,112
400578587,2014-12-07,400578587,Atlanta Hawks,96,Denver Nuggets,84
400578622,2014-12-12,400578622,Atlanta Hawks,87,Orlando Magic,81
400578635,2014-12-13,400578635,Orlando Magic,100,Atlanta Hawks,99
400578784,2015-01-02,400578784,Utah Jazz,92,Atlanta Hawks,98
400578793,2015-01-03,400578793,Portland Trail Blazers,107,Atlanta Hawks,115
400578850,2015-01-11,400578850,Atlanta Hawks,120,Washington Wizards,89
400578934,2015-01-23,400578934,Atlanta Hawks,103,Oklahoma City Thunder,93
400578953,2015-01-25,400578953,Atlanta Hawks,112,Minnesota Timberwolves,100
400578989,2015-01-30,400578989,Atlanta Hawks,105,Portland Trail Blazers,99
400579024,2015-02-04,400579024,Atlanta Hawks,105,Washington Wizards,96
400579071,2015-02-09,400579071,Minnesota Timberwolves,105,Atlanta Hawks,117
400579150,2015-02-27,400579150,Atlanta Hawks,95,Orlando Magic,88
400579163,2015-02-28,400579163,Miami Heat,91,Atlanta Hawks,93
400579250,2015-03-11,400579250,Denver Nuggets,115,Atlanta Hawks,102
400579318,2015-03-20,400579318,Oklahoma City Thunder,123,Atlanta Hawks,115
400579354,2015-03-25,400579354,Orlando Magic,83,Atlanta Hawks,95
400579369,2015-03-27,400579369,Atlanta Hawks,99,Miami Heat,86
400579379,2015-03-28,400579379,Charlotte Hornets,115,Atlanta Hawks,100
400579468,2015-04-10,400579468,Atlanta Hawks,104,Charlotte Hornets,80
400579490,2015-04-12,400579490,Washington Wizards,108,Atlanta Hawks,99
400578349,2014-11-05,400578349,Charlotte Hornets,96,Miami Heat,89
400578399,2014-11-11,400578399,Portland Trail Blazers,102,Charlotte Hornets,100
400578464,2014-11-21,400578464,Charlotte Hornets,100,Orlando Magic,105
400578487,2014-11-23,400578487,Miami Heat,94,Charlotte Hornets,93
400578502,2014-11-26,400578502,Charlotte Hornets,97,Portland Trail Blazers,105
400578687,2014-12-20,400578687,Charlotte Hornets,104,Utah Jazz,86
400578701,2014-12-22,400578701,Charlotte Hornets,110,Denver Nuggets,82
400578730,2014-12-26,400578730,Oklahoma City Thunder,98,Charlotte Hornets,75
400578736,2014-12-27,400578736,Charlotte Hornets,94,Orlando Magic,102
400578787,2015-01-03,400578787,Orlando Magic,90,Charlotte Hornets,98
400578903,2015-01-19,400578903,Charlotte Hornets,105,Minnesota Timberwolves,80
400578917,2015-01-21,400578917,Charlotte Hornets,78,Miami Heat,76
400579005,2015-01-31,400579005,Denver Nuggets,86,Charlotte Hornets,104
400579011,2015-02-02,400579011,Washington Wizards,88,Charlotte Hornets,92
400579034,2015-02-05,400579034,Charlotte Hornets,94,Washington Wizards,87
400579108,2015-02-21,400579108,Charlotte Hornets,103,Oklahoma City Thunder,110
400579174,2015-03-01,400579174,Orlando Magic,83,Charlotte Hornets,98
400579230,2015-03-09,400579230,Charlotte Hornets,69,Washington Wizards,95
400579289,2015-03-16,400579289,Utah Jazz,94,Charlotte Hornets,66
400579337,2015-03-22,400579337,Minnesota Timberwolves,98,Charlotte Hornets,109
400579368,2015-03-27,400579368,Washington Wizards,110,Charlotte Hornets,107
400579447,2015-04-07,400579447,Miami Heat,105,Charlotte Hornets,100
400578299,2014-10-29,400578299,Miami Heat,107,Washington Wizards,95
400578377,2014-11-08,400578377,Miami Heat,102,Minnesota Timberwolves,92
400578477,2014-11-22,400578477,Orlando Magic,92,Miami Heat,99
400578542,2014-12-01,400578542,Washington Wizards,107,Miami Heat,86
400578617,2014-12-10,400578617,Denver Nuggets,102,Miami Heat,82
400578630,2014-12-12,400578630,Utah Jazz,95,Miami Heat,100
400578665,2014-12-17,400578665,Miami Heat,87,Utah Jazz,105
400578680,2014-12-19,400578680,Miami Heat,103,Washington Wizards,105
400578754,2014-12-29,400578754,Miami Heat,101,Orlando Magic,102
400578829,2015-01-08,400578829,Portland Trail Blazers,99,Miami Heat,83
400578915,2015-01-20,400578915,Miami Heat,86,Oklahoma City Thunder,94
400579029,2015-02-04,400579029,Minnesota Timberwolves,102,Miami Heat,101
400579134,2015-02-25,400579134,Orlando Magic,90,Miami Heat,93
400579212,2015-03-06,400579212,Washington Wizards,99,Miami Heat,97
400579299,2015-03-18,400579299,Miami Heat,108,Portland Trail Blazers,104
400579316,2015-03-20,400579316,Miami Heat,108,Denver Nuggets,91
400579330,2015-03-22,400579330,Oklahoma City Thunder,93,Miami Heat,75
400579499,2015-04-13,400579499,Miami Heat,100,Orlando Magic,93
400578308,2014-10-30,400578308,Orlando Magic,98,Washington Wizards,105
400578364,2014-11-07,400578364,Orlando Magic,112,Minnesota Timberwolves,103
400578424,2014-11-15,400578424,Washington Wizards,98,Orlando Magic,93
400578578,2014-12-05,400578578,Utah Jazz,93,Orlando Magic,98
400578610,2014-12-10,400578610,Orlando Magic,89,Washington Wizards,91
400578675,2014-12-19,400578675,Orlando Magic,94,Utah Jazz,101
400578822,2015-01-07,400578822,Denver Nuggets,93,Orlando Magic,90
400578849,2015-01-10,400578849,Portland Trail Blazers,103,Orlando Magic,92
400578901,2015-01-18,400578901,Orlando Magic,99,Oklahoma City Thunder,127
400579015,2015-02-02,400579015,Oklahoma City Thunder,104,Orlando Magic,97
400579068,2015-02-09,400579068,Washington Wizards,96,Orlando Magic,80
400579312,2015-03-20,400579312,Orlando Magic,111,Portland Trail Blazers,104
400579336,2015-03-22,400579336,Orlando Magic,100,Denver Nuggets,119
400579425,2015-04-03,400579425,Minnesota Timberwolves,84,Orlando Magic,97
400578570,2014-12-05,400578570,Washington Wizards,119,Denver Nuggets,89
400578642,2014-12-14,400578642,Washington Wizards,93,Utah Jazz,84
400578655,2014-12-16,400578655,Washington Wizards,109,Minnesota Timberwolves,95
400578781,2015-01-02,400578781,Oklahoma City Thunder,109,Washington Wizards,102
400578925,2015-01-21,400578925,Washington Wizards,103,Oklahoma City Thunder,105
400578948,2015-01-24,400578948,Portland Trail Blazers,103,Washington Wizards,96
400578958,2015-01-25,400578958,Denver Nuggets,115,Washington Wizards,117
400579140,2015-02-25,400579140,Minnesota Timberwolves,97,Washington Wizards,77
400579283,2015-03-16,400579283,Washington Wizards,105,Portland Trail Blazers,97
400579307,2015-03-18,400579307,Utah Jazz,84,Washington Wizards,88
400578328,2014-11-01,400578328,Oklahoma City Thunder,102,Denver Nuggets,91
400578388,2014-11-09,400578388,Portland Trail Blazers,116,Denver Nuggets,100
400578407,2014-11-12,400578407,Denver Nuggets,113,Portland Trail Blazers,130
400578460,2014-11-19,400578460,Denver Nuggets,107,Oklahoma City Thunder,100
400578543,2014-12-01,400578543,Utah Jazz,101,Denver Nuggets,103
400578551,2014-12-02,400578551,Denver Nuggets,103,Portland Trail Blazers,105
400578732,2014-12-26,400578732,Denver Nuggets,106,Minnesota Timberwolves,102
400578806,2015-01-05,400578806,Minnesota Timberwolves,101,Denver Nuggets,110
400578898,2015-01-17,400578898,Denver Nuggets,105,Minnesota Timberwolves,113
400579074,2015-02-09,400579074,Denver Nuggets,114,Oklahoma City Thunder,124
400579118,2015-02-22,400579118,Oklahoma City Thunder,119,Denver Nuggets,94
400579158,2015-02-27,400579158,Denver Nuggets,82,Utah Jazz,104
400579194,2015-03-04,400579194,Minnesota Timberwolves,85,Denver Nuggets,100
400579377,2015-03-27,400579377,Denver Nuggets,107,Utah Jazz,91
400579383,2015-03-28,400579383,Portland Trail Blazers,120,Denver Nuggets,114
400579413,2015-04-01,400579413,Utah Jazz,98,Denver Nuggets,84
400578539,2014-11-30,400578539,Portland Trail Blazers,107,Minnesota Timberwolves,93
400578613,2014-12-10,400578613,Minnesota Timberwolves,90,Portland Trail Blazers,82
400578627,2014-12-12,400578627,Minnesota Timberwolves,92,Oklahoma City Thunder,111
400578764,2014-12-30,400578764,Utah Jazz,100,Minnesota Timberwolves,94
400578790,2015-01-03,400578790,Minnesota Timberwolves,89,Utah Jazz,101
400578964,2015-01-26,400578964,Oklahoma City Thunder,92,Minnesota Timberwolves,84
400579220,2015-03-07,400579220,Minnesota Timberwolves,121,Portland Trail Blazers,113
400579263,2015-03-13,400579263,Oklahoma City Thunder,113,Minnesota Timberwolves,99
400579344,2015-03-23,400579344,Utah Jazz,104,Minnesota Timberwolves,106
400579398,2015-03-30,400579398,Minnesota Timberwolves,84,Utah Jazz,104
400579464,2015-04-08,400579464,Portland Trail Blazers,116,Minnesota Timberwolves,91
400579514,2015-04-15,400579514,Minnesota Timberwolves,113,Oklahoma City Thunder,138
400578307,2014-10-29,400578307,Portland Trail Blazers,106,Oklahoma City Thunder,89
400578449,2014-11-18,400578449,Utah Jazz,98,Oklahoma City Thunder,81
400578511,2014-11-26,400578511,Oklahoma City Thunder,97,Utah Jazz,82
400578716,2014-12-23,400578716,Oklahoma City Thunder,111,Portland Trail Blazers,115
400578834,2015-01-09,400578834,Oklahoma City Thunder,99,Utah Jazz,94
400579161,2015-02-27,400579161,Portland Trail Blazers,115,Oklahoma City Thunder,112
400579382,2015-03-28,400579382,Utah Jazz,94,Oklahoma City Thunder,89
400579501,2015-04-13,400579501,Oklahoma City Thunder,101,Portland Trail Blazers,90
400579021,2015-02-03,400579021,Portland Trail Blazers,103,Utah Jazz,102
400579104,2015-02-20,400579104,Utah Jazz,92,Portland Trail Blazers,76
400579362,2015-03-25,400579362,Utah Jazz,89,Portland Trail Blazers,92
400579483,2015-04-11,400579483,Portland Trail Blazers,105,Utah Jazz,111
